name,factory,tvl,fee,contract,token_1,token_2
quickswap,0x5757371414417b8c6caad45baef941abc7d3ab32,0.077728364719113617,0.003,0xb84abb604a861c6da7179d47e3648bfcdc005120,0x0d500b1d8e8ef31e21c99d1db9a6444d3adf1270,0xc66ef111ddd4d9781b3b4ff900a3a241de55fc9a
quickswap,0x5757371414417b8c6caad45baef941abc7d3ab32,42257.215752344193931513,0.003,0x9ec6021aec19a555ce3c8e3367212d9812c9aa24,0x0d500b1d8e8ef31e21c99d1db9a6444d3adf1270,0x7aefff599570dec2f3dbbc2ace3cb1f8206749eb
quickswap,0x5757371414417b8c6caad45baef941abc7d3ab32,0,0.003,0x731e7766b1feca8fc36193c333687d940f548deb,0x0d500b1d8e8ef31e21c99d1db9a6444d3adf1270,0xf2b336beb04387400736d86c742204a5a108488e
quickswap,0x5757371414417b8c6caad45baef941abc7d3ab32,0,0.003,0xd9713dcb7728f9105af2ebe44e6bb948033b1bb4,0x0d500b1d8e8ef31e21c99d1db9a6444d3adf1270,0x993e1cd2c37e9c4b1c70f192596a65163f96638e
quickswap,0x5757371414417b8c6caad45baef941abc7d3ab32,0.000000094881691089,0.003,0xb8286068c8c2acab57cea3f1dc41a9a1eb044ba0,0x0d500b1d8e8ef31e21c99d1db9a6444d3adf1270,0xc38f611971d3a255eaec4f7c8f1b526070720f46
quickswap,0x5757371414417b8c6caad45baef941abc7d3ab32,0.093580376415373683,0.003,0xea46da4bd0a7bcf3d8710336fa27b98c405bc11e,0x0d500b1d8e8ef31e21c99d1db9a6444d3adf1270,0x269068f521739db9fdf8b7e70ceeaeae653a7fa9
quickswap,0x5757371414417b8c6caad45baef941abc7d3ab32,8.1474016828992501,0.003,0xe4cba0b83b6e6b2e2a1eba4c91db16b53e94f246,0x0d500b1d8e8ef31e21c99d1db9a6444d3adf1270,0x4ad7d04136e3002683e50876b0bfcb71d23fe102
quickswap,0x5757371414417b8c6caad45baef941abc7d3ab32,0.000019345186397195,0.003,0x3809d8b4c3f592735b8354f69f6fab151f05acf2,0x0d500b1d8e8ef31e21c99d1db9a6444d3adf1270,0xe2892c0eb5170f539ba394f30ced79bac3ee4fa6
quickswap,0x5757371414417b8c6caad45baef941abc7d3ab32,0.008208854159588303,0.003,0x62a077ff2aa18bd039ae14a6ac6548cdc02e3274,0x0d500b1d8e8ef31e21c99d1db9a6444d3adf1270,0x2bd0d68db32e7fd437b4f8279e7db7af0aa013ff
quickswap,0x5757371414417b8c6caad45baef941abc7d3ab32,0.000000095422916332,0.003,0xb39147653d667c5d522f384625502d530ed2e053,0x0d500b1d8e8ef31e21c99d1db9a6444d3adf1270,0x4d415c17ab46888d3959b06b18248fdad5f93e64
quickswap,0x5757371414417b8c6caad45baef941abc7d3ab32,7.857641665684058167,0.003,0x739b909e579d022b2d7a1f5560f5d08edadb2557,0x0d500b1d8e8ef31e21c99d1db9a6444d3adf1270,0xa033c8b0ca849a218d736c318bc685c9ff370ac1
quickswap,0x5757371414417b8c6caad45baef941abc7d3ab32,0.000052405062305822,0.003,0x1c4f6fc648cb4fc7bf69080d231a92c45e2c2eb2,0x0d500b1d8e8ef31e21c99d1db9a6444d3adf1270,0x2472263d40bc4d119909aca93bf2587b45f4f765
quickswap,0x5757371414417b8c6caad45baef941abc7d3ab32,0.000000095817576709,0.003,0x1b7b73e733aeb1b65bfefdfd9923b2fdcee7aece,0x0d500b1d8e8ef31e21c99d1db9a6444d3adf1270,0x714acf3b2b4af3a9a0a9b4e74330b0918c8e845d
quickswap,0x5757371414417b8c6caad45baef941abc7d3ab32,3.886146039062585994,0.003,0x607e5868977f4a6c385e5cc4897ebde74c94950e,0x07e2e498401b6babd6e8c28492ec7f2c0f2c5875,0x0d500b1d8e8ef31e21c99d1db9a6444d3adf1270
quickswap,0x5757371414417b8c6caad45baef941abc7d3ab32,0.780922645063971274,0.003,0x1019ec10393a201ba1c683d764e1c74ab0db3fd1,0x0d500b1d8e8ef31e21c99d1db9a6444d3adf1270,0xd27150450e96da9e59ed8b571af5daaa545c86bf
quickswap,0x5757371414417b8c6caad45baef941abc7d3ab32,0.000000095187771792,0.003,0xf64280cde528d6b4f030a91f487c07bff744de8b,0x0d500b1d8e8ef31e21c99d1db9a6444d3adf1270,0x278252d5caafe1bc1284f39b77f8fe7b18e44edb
quickswap,0x5757371414417b8c6caad45baef941abc7d3ab32,0.0000000951814343,0.003,0x7ced98fd6d33a8a230ec596ad8540b5fe6c44d8f,0x0d500b1d8e8ef31e21c99d1db9a6444d3adf1270,0x3bf876c012c187b35ceedf920314733e477f2281
quickswap,0x5757371414417b8c6caad45baef941abc7d3ab32,0.007782650713803041,0.003,0x9f3a821eed48cc4cc72d9e3380bd7f23f733fc02,0x0d500b1d8e8ef31e21c99d1db9a6444d3adf1270,0x7ff42d22a9fd5f56635ed5989f1820c86df6f000
quickswap,0x5757371414417b8c6caad45baef941abc7d3ab32,0.000000095424360137,0.003,0xf25fd2ef5ec4e01fc95690a5dc011271362df0ec,0x0d500b1d8e8ef31e21c99d1db9a6444d3adf1270,0x2999ee4a25f953d520e57f11afc1a50c02802bcb
quickswap,0x5757371414417b8c6caad45baef941abc7d3ab32,0.000000095424360134,0.003,0xd0b0d222430461874d3f193fff3093b12e5a8816,0x0d500b1d8e8ef31e21c99d1db9a6444d3adf1270,0x8f1654a83120c79341691355a2b31e2440ac59cf
quickswap,0x5757371414417b8c6caad45baef941abc7d3ab32,0.119226094013548286,0.003,0xd3a1357c9fdedb5478d6cdbb95316a610ffc0e34,0x0d500b1d8e8ef31e21c99d1db9a6444d3adf1270,0xb1110110271cad866abb992d9ac8e11784d0331f
quickswap,0x5757371414417b8c6caad45baef941abc7d3ab32,0.00002087126215448,0.003,0xf514eaf49de06947c4cc01c0593be20cf6391d5d,0x0d500b1d8e8ef31e21c99d1db9a6444d3adf1270,0x371c84b814b90e44a1d15549f7d0181678252d03
quickswap,0x5757371414417b8c6caad45baef941abc7d3ab32,0.016706595735777864,0.003,0xe4de2a5907d273edfdb5cadfcb298eab0d8eef03,0x0d500b1d8e8ef31e21c99d1db9a6444d3adf1270,0x129c3fb8ae5c64833957e3298feef61f490142aa
quickswap,0x5757371414417b8c6caad45baef941abc7d3ab32,0.388022043629934182,0.003,0xb9c797b8e58f8842b2f60711d98d9eda57c68c67,0x0d500b1d8e8ef31e21c99d1db9a6444d3adf1270,0xf724acc8e14b953279f8eaff1a9cfc3e5209115f
quickswap,0x5757371414417b8c6caad45baef941abc7d3ab32,0.00000868542831276,0.003,0x449fa1c793efb9878d19f5a62cf8abb3930a578f,0x0d500b1d8e8ef31e21c99d1db9a6444d3adf1270,0x2161b635cea9dd7d7243536e682e6d83f406aa10
quickswap,0x5757371414417b8c6caad45baef941abc7d3ab32,0.000000000000000001,0.003,0xc883883afa1b9624953aadd207b50016050cef5a,0x0d500b1d8e8ef31e21c99d1db9a6444d3adf1270,0x8aad8277800c19a61837d6f1b39d0b981bdb96d5
quickswap,0x5757371414417b8c6caad45baef941abc7d3ab32,0.00002029486294983,0.003,0x76614ca5dc2b1c65034e43997850fb716f850a11,0x0d500b1d8e8ef31e21c99d1db9a6444d3adf1270,0x39b8be097dfe3979c91cca7fae7d1ea4feb06c86
quickswap,0x5757371414417b8c6caad45baef941abc7d3ab32,0.012113107185050573,0.003,0xc4193283915132e9f89f94c4bac908dbd9aa7f69,0x0d500b1d8e8ef31e21c99d1db9a6444d3adf1270,0x9b796a598bfbab9c0ff89affde2078d90acc48df
quickswap,0x5757371414417b8c6caad45baef941abc7d3ab32,0.000000158366765583,0.003,0x4e7a773109445c4e8d3f5c3dae35fd836723d32e,0x0d500b1d8e8ef31e21c99d1db9a6444d3adf1270,0x8713ce6ffcd2a840485072a9ca823d3db6388fc5
quickswap,0x5757371414417b8c6caad45baef941abc7d3ab32,0.062096662940491845,0.003,0xd88632351804655fa08718d5cfdcfab38e054da5,0x0d500b1d8e8ef31e21c99d1db9a6444d3adf1270,0x3bdb5e220a254e82c5ab20fc80d65690408b53bb
quickswap,0x5757371414417b8c6caad45baef941abc7d3ab32,0.000001310691738259,0.003,0x6105aa34503a2fc31a1fbd825b23063639c36ff3,0x0d500b1d8e8ef31e21c99d1db9a6444d3adf1270,0xb091ed8f8edfa6d345c2c378c87cb10bed788c14
quickswap,0x5757371414417b8c6caad45baef941abc7d3ab32,0.000038810432407381,0.003,0x53b7a4b58122f17914da65a1299192db1bfd2081,0x0d500b1d8e8ef31e21c99d1db9a6444d3adf1270,0xb423e7b9a928ed33c9785e7468e5b78b696fca7c
quickswap,0x5757371414417b8c6caad45baef941abc7d3ab32,0.00821895909946577,0.003,0xf0c777be027914b5105232be076258ce401766fd,0x0d500b1d8e8ef31e21c99d1db9a6444d3adf1270,0x136edba3d056a4c5fabe2b8f3dc6266e893e21ca
quickswap,0x5757371414417b8c6caad45baef941abc7d3ab32,0.000002621742160554,0.003,0x6d1077a711f1fa411803ccca266ce8bf1b1447df,0x0d500b1d8e8ef31e21c99d1db9a6444d3adf1270,0xe2745edc1eb35a2ff1e5555eaeb777d709a6c1c2
quickswap,0x5757371414417b8c6caad45baef941abc7d3ab32,0.000000095507675354,0.003,0x571ecd6837fd12a199bf81465db1ef32d5f0bda9,0x0d500b1d8e8ef31e21c99d1db9a6444d3adf1270,0x84263c832b238f0d3f01d06f97ccac2412258656
quickswap,0x5757371414417b8c6caad45baef941abc7d3ab32,0.000000095507675354,0.003,0x04f3555fe556454e3f6c210704af951475f10eee,0x0d500b1d8e8ef31e21c99d1db9a6444d3adf1270,0xc3754e9d5f2b011e27c9907c18bb4ff8e26c8f08
quickswap,0x5757371414417b8c6caad45baef941abc7d3ab32,0.000000095507675354,0.003,0x00dc889aea8e702a23268b4961ae03e28b98264b,0x0d500b1d8e8ef31e21c99d1db9a6444d3adf1270,0xd5e7efa0fabc8e1e7130cdb2f59e0fc4ce7d26fc
quickswap,0x5757371414417b8c6caad45baef941abc7d3ab32,3822.155953447633907501,0.003,0xecb4c0e089541e4938810f304debbd07e7562b21,0x162539172b53e9a93b7d98fb6c41682de558a320,0x7aefff599570dec2f3dbbc2ace3cb1f8206749eb
quickswap,0x5757371414417b8c6caad45baef941abc7d3ab32,0.050410159413885944,0.003,0xe9999752a4e978547f2bc1bfc6ba05ceb757b347,0x3c499c542cef5e3811e1192ce70d8cc03d5c3359,0x7aefff599570dec2f3dbbc2ace3cb1f8206749eb
quickswap,0x5757371414417b8c6caad45baef941abc7d3ab32,0.000000048706790577,0.003,0x9c05af1352205d7134d39b74074c95a514361d44,0x0d500b1d8e8ef31e21c99d1db9a6444d3adf1270,0x966057653a3d938724b58c307109ca61f0816570
quickswap,0x5757371414417b8c6caad45baef941abc7d3ab32,16.710474519331381916,0.003,0x8390afe8ccb90f2c7a239768cee11c7986004a1c,0x04b48c9707fe5091ee772d92941f745bc0ad2b8f,0x7aefff599570dec2f3dbbc2ace3cb1f8206749eb
quickswap,0x5757371414417b8c6caad45baef941abc7d3ab32,0.000007042152929567,0.003,0xb808b3a713434ae81ae15b00adbe10e52baf6d4d,0x0d500b1d8e8ef31e21c99d1db9a6444d3adf1270,0xc70ebd537f210076d05f7fe92f3b85108fb9caaf
quickswap,0x5757371414417b8c6caad45baef941abc7d3ab32,0.032818150778563899,0.003,0x6d4cd7afd26d6dbf750686b8cabe5c3bbe80feff,0x0d500b1d8e8ef31e21c99d1db9a6444d3adf1270,0x5ece4c1cc6d078ca155a926c2bd5ebc12b262f3f
quickswap,0x5757371414417b8c6caad45baef941abc7d3ab32,1.371282408539132528,0.003,0x8adabfeb643d312eceede1321edd14ced2131c8f,0x7aefff599570dec2f3dbbc2ace3cb1f8206749eb,0xed3d18f841d82604f729464835c739a331f1e49b
quickswap,0x5757371414417b8c6caad45baef941abc7d3ab32,0,0.003,0xd298ec73c2d6fb8835f5a478be0854aa374957be,0x0d500b1d8e8ef31e21c99d1db9a6444d3adf1270,0x7182217fe76360172d20f14577a04d6bbe95c7a6
quickswap,0x5757371414417b8c6caad45baef941abc7d3ab32,1.729156234470553818,0.003,0xf1a357c187ac1d2618a43245c3f89741431d3cee,0x0d500b1d8e8ef31e21c99d1db9a6444d3adf1270,0x741f88844e2f104e970a61c39ca7031864c73703
quickswap,0x5757371414417b8c6caad45baef941abc7d3ab32,0.000717554574910512,0.003,0x1413eaf2f67760513e8372339f94ba63579dd635,0x0d500b1d8e8ef31e21c99d1db9a6444d3adf1270,0x498635a1e27ca67d8a1b0b301d3c1352c9f72358
quickswap,0x5757371414417b8c6caad45baef941abc7d3ab32,77.111260632969282591,0.003,0x11d1f8353ef333138a6c01054ddd984d0212a51f,0xa571963278014b5b3a686778747fdf8ad4dfbb94,0xcaaf554900e33ae5dbc66ae9f8adc3049b7d31db
quickswap,0x5757371414417b8c6caad45baef941abc7d3ab32,0.001026094164105439,0.003,0xee9713ec40660fb5b1823433a3652658e259ae8c,0x0d500b1d8e8ef31e21c99d1db9a6444d3adf1270,0x49c54c8b8f686cd982089bba7f759c969acbba70
quickswap,0x5757371414417b8c6caad45baef941abc7d3ab32,0.013799159028262061,0.003,0x8dee7e2ae1b436f835e2771c04e13efb00f29210,0x0d500b1d8e8ef31e21c99d1db9a6444d3adf1270,0x4f35ed556010e8ac436d748b9744a14e3be76d03
quickswap,0x5757371414417b8c6caad45baef941abc7d3ab32,0.000000000000000001,0.003,0x7b6086acba15eb6509307276aa03b0ba26d44850,0x0d500b1d8e8ef31e21c99d1db9a6444d3adf1270,0xc124a100a85fd1900d9059b50642d4e42c201be9
quickswap,0x5757371414417b8c6caad45baef941abc7d3ab32,1.552366018938276956,0.003,0xbf12b2b4bd94d106c968d2b85d566d17775d80df,0x0d500b1d8e8ef31e21c99d1db9a6444d3adf1270,0x9e106d3090150d7f8f1022ca3f562a03aae280d3
quickswap,0x5757371414417b8c6caad45baef941abc7d3ab32,1.543421096613526989,0.003,0xebe42ec3e2dd9ebb3da48a8cadf1e997977f824b,0x0d500b1d8e8ef31e21c99d1db9a6444d3adf1270,0xbfd54b20d96781741f71ca525f4a9eabdc7bb614
quickswap,0x5757371414417b8c6caad45baef941abc7d3ab32,0.009055873147720703,0.003,0x561796e68bc6567286def97888a047ae21a450e5,0x0d500b1d8e8ef31e21c99d1db9a6444d3adf1270,0x76d1c32e6d7df327a0e4e68303dc33e454e45403
quickswap,0x5757371414417b8c6caad45baef941abc7d3ab32,1.154044773516662021,0.003,0xe1d37c797925a5085e1b17e0f185f2d2c82fdf96,0x0d500b1d8e8ef31e21c99d1db9a6444d3adf1270,0x804b6f4c3f082e5fc45f079c6b6ea87ee90ff6ad
quickswap,0x5757371414417b8c6caad45baef941abc7d3ab32,0,0.003,0x496cd19991660fcc663c10dd9630a6b498a39996,0x0d500b1d8e8ef31e21c99d1db9a6444d3adf1270,0x9faf23ec4363ca4642a26ad87e066e85176f0441
quickswap,0x5757371414417b8c6caad45baef941abc7d3ab32,12237.567350824577497716,0.003,0xcd6a6db8ec1aa2baafe7581352bbfeec7e4be319,0x0d500b1d8e8ef31e21c99d1db9a6444d3adf1270,0xc6b83ff69a437e5a97018586440266ff1492b002
quickswap,0x5757371414417b8c6caad45baef941abc7d3ab32,0.000379778618631697,0.003,0x518dfa7d8d696efc5c23a254bf43280d295195d5,0x0d500b1d8e8ef31e21c99d1db9a6444d3adf1270,0x5747ea0c2695a60086acbb1dbe9f2ee2182f88c2
quickswap,0x5757371414417b8c6caad45baef941abc7d3ab32,0.000030317186818237,0.003,0xf0d3ac337b4d0fbae0ab1e2057c0fb8550beb085,0x0d500b1d8e8ef31e21c99d1db9a6444d3adf1270,0x8d17a887559064d2bea9f94a79243b1fea260edb
quickswap,0x5757371414417b8c6caad45baef941abc7d3ab32,2.136772092051206816,0.003,0x12f6fc0ebb55137d8c3af8738097a7ee0cca759b,0x0d500b1d8e8ef31e21c99d1db9a6444d3adf1270,0x776c04a1583883e2e971ca36f4102d0ce07d0e11
quickswap,0x5757371414417b8c6caad45baef941abc7d3ab32,0.008522547032001109,0.003,0xbffed3a5b135a4ad4dc5d12341e1c0df8df5491b,0x0d500b1d8e8ef31e21c99d1db9a6444d3adf1270,0xe2b6a3c418a01a81177dd177255ce3e9c9a9743a
quickswap,0x5757371414417b8c6caad45baef941abc7d3ab32,0.000000000000000001,0.003,0x88be7f1e990b83ee654a7a86d0e22928ec003ccc,0x0d500b1d8e8ef31e21c99d1db9a6444d3adf1270,0x6e39d41c476ac705bd291da8f441eb84f22de54d
quickswap,0x5757371414417b8c6caad45baef941abc7d3ab32,0,0.003,0xcddf8c997b07e02676bd032e91f9dbeae2711d4b,0x06813179da876ac76976b8333b060ed12a247940,0x0d500b1d8e8ef31e21c99d1db9a6444d3adf1270
quickswap,0x5757371414417b8c6caad45baef941abc7d3ab32,0,0.003,0x06c2bc1ccf5c15ff4632c0811931b286e276190c,0x0d500b1d8e8ef31e21c99d1db9a6444d3adf1270,0xd521c882a77528127f3acd804329c550b82f581b
quickswap,0x5757371414417b8c6caad45baef941abc7d3ab32,0.017114961433016542,0.003,0xf6c3ae7a331232443643665021c02245a2e5b78c,0x0d500b1d8e8ef31e21c99d1db9a6444d3adf1270,0xae605f2b806fbfe8bd94d570f2d462ae96b304e5
quickswap,0x5757371414417b8c6caad45baef941abc7d3ab32,0.000000000000000001,0.003,0xaade48fef2ecf9b80a378da303cf8a213b27ee68,0x0d500b1d8e8ef31e21c99d1db9a6444d3adf1270,0x351b7a9785dd9670b75ad9a1f0e2a0d498dfe972
quickswap,0x5757371414417b8c6caad45baef941abc7d3ab32,0.000514532724340152,0.003,0x555829300dfabf54ee614b7f1b3cf48dac9a56ef,0x0d500b1d8e8ef31e21c99d1db9a6444d3adf1270,0xfb6075b3d73daa29f63ea236edc27d0ab6bc058d
quickswap,0x5757371414417b8c6caad45baef941abc7d3ab32,0.00007885909777229,0.003,0xe3356e3064ffb87cef50b1a90dfe475becde1141,0x0d500b1d8e8ef31e21c99d1db9a6444d3adf1270,0xc8166db0b8d75ac0a1a55a3d6b1609757aaef79c
quickswap,0x5757371414417b8c6caad45baef941abc7d3ab32,0.000242392590841009,0.003,0x108bbbbb6663f26186601bf61be54f34115a0994,0x0d500b1d8e8ef31e21c99d1db9a6444d3adf1270,0xd548ffadb4946762c81ccb6910ba72cdc23a184f
quickswap,0x5757371414417b8c6caad45baef941abc7d3ab32,0.001640855537028157,0.003,0xb0c28359ed169a0255e5705f6d00b02f542f6b62,0x0d500b1d8e8ef31e21c99d1db9a6444d3adf1270,0x52b79f8cac72f0ff7e8ee1fafef1af0586e70374
quickswap,0x5757371414417b8c6caad45baef941abc7d3ab32,0.000100171334785649,0.003,0x97f024f165d386997a9abf78bc6e41007e27cb95,0x0d500b1d8e8ef31e21c99d1db9a6444d3adf1270,0x84b66c974505a8abc4b65bdadf1a1db2c3c74aab
quickswap,0x5757371414417b8c6caad45baef941abc7d3ab32,0.000000158170510108,0.003,0x7c0205e92a507bfb1d27079c796debb0d6376446,0x0d500b1d8e8ef31e21c99d1db9a6444d3adf1270,0xe5123ba7041ced6bd39bfc9fbec0fc7766f08914
quickswap,0x5757371414417b8c6caad45baef941abc7d3ab32,0.001479943414095422,0.003,0x0113813fef313f6bc1ecfc856ce4fec83606d8c1,0x0d500b1d8e8ef31e21c99d1db9a6444d3adf1270,0x6307d365f0ba7d59088faf11f95d32ec077fb3f3
quickswap,0x5757371414417b8c6caad45baef941abc7d3ab32,0.000033325191799876,0.003,0xeb9d3a5288760864fbbbbc8dbb43083b7087df2a,0x0d500b1d8e8ef31e21c99d1db9a6444d3adf1270,0x9f3b32c5d66e30333074d9b721faa25b85c2d94c
quickswap,0x5757371414417b8c6caad45baef941abc7d3ab32,0.000000157439750007,0.003,0x4d3b02ee3f1e1b5119a788644c3b5f135c62189d,0x0d500b1d8e8ef31e21c99d1db9a6444d3adf1270,0xf1e945c423dea220ce7107775280cdcb6357086a
quickswap,0x5757371414417b8c6caad45baef941abc7d3ab32,0,0.003,0x13ea88212c72bb458e67f177ce6059874e0abbea,0x0d500b1d8e8ef31e21c99d1db9a6444d3adf1270,0x509c58478baa70711e6b4407c7a2f8bfb9fc8793
quickswap,0x5757371414417b8c6caad45baef941abc7d3ab32,0.000478075166190669,0.003,0xbb68c9811d2534faa21191377b12b585bf05b3f9,0x030bb3981c7eebd1a83a44e91467fe75b80c0614,0x0d500b1d8e8ef31e21c99d1db9a6444d3adf1270
quickswap,0x5757371414417b8c6caad45baef941abc7d3ab32,0.000038806443595082,0.003,0xa2641d14ed7832188d59c8e9c0974c12f10437d7,0x0d500b1d8e8ef31e21c99d1db9a6444d3adf1270,0x1a90ad17064fb296909829877a2601581b115761
quickswap,0x5757371414417b8c6caad45baef941abc7d3ab32,0.000000158167417748,0.003,0x1526246750370b3d6cbe6e9e8512b7b6e71ba9a0,0x0d500b1d8e8ef31e21c99d1db9a6444d3adf1270,0x5ffe0fa5294d30e30ce83a0879df31caae403b85
quickswap,0x5757371414417b8c6caad45baef941abc7d3ab32,640.137910756523383619,0.003,0x43afdff03953769d88df838825739d80e343e554,0x0d500b1d8e8ef31e21c99d1db9a6444d3adf1270,0x80ce48e2f17fb9a39089f58f148adbeeb37b0455
quickswap,0x5757371414417b8c6caad45baef941abc7d3ab32,0.00000015792899551,0.003,0x053ce3a1fea926eeab1ede5707331daceb3de8b7,0x0d500b1d8e8ef31e21c99d1db9a6444d3adf1270,0x3f99e472acafafec5d08df18664c37b182552b56
quickswap,0x5757371414417b8c6caad45baef941abc7d3ab32,0,0.003,0x024660666176a2adeef31855f5cac550820c4155,0x0d500b1d8e8ef31e21c99d1db9a6444d3adf1270,0x0fa038f1bd414d6dfa990b66fb6810e7bf5a3221
quickswap,0x5757371414417b8c6caad45baef941abc7d3ab32,0.000000864885493417,0.003,0x230343c80723dbd1bb11e417e88c157af8dc6f74,0x0d500b1d8e8ef31e21c99d1db9a6444d3adf1270,0x26e49ebe2a6c6c8c5bfe5efd511c9d44ea5c7e94
quickswap,0x5757371414417b8c6caad45baef941abc7d3ab32,0.000031834541144774,0.003,0x5ca73c69438c106b7e31c8ef4f0ac79f8fe8e67a,0x0d500b1d8e8ef31e21c99d1db9a6444d3adf1270,0xd33b9d47831b35232c99dbca7720f58545831a14
quickswap,0x5757371414417b8c6caad45baef941abc7d3ab32,0.011389828221106455,0.003,0x73199c601e1f58df8a0132c8cd4548043d054d36,0x0d500b1d8e8ef31e21c99d1db9a6444d3adf1270,0x7565a276663fe599a237447669553eb5397cbafe
quickswap,0x5757371414417b8c6caad45baef941abc7d3ab32,0.00000048454748893,0.003,0xa8e2ac7ad4e4293d9393ef92be90bc455aa72da0,0x0d500b1d8e8ef31e21c99d1db9a6444d3adf1270,0x40560162d25d5369c8a5832ee74e574f79b317c6
quickswap,0x5757371414417b8c6caad45baef941abc7d3ab32,0.000000000387521956,0.003,0x810040a5b841c58355f106be72d4d428ceacd90f,0x03e46694123c442466c8e5b65909ee843790501e,0x0d500b1d8e8ef31e21c99d1db9a6444d3adf1270
quickswap,0x5757371414417b8c6caad45baef941abc7d3ab32,0.004598520716545545,0.003,0x0e9ec9bac92d7e153e2bc9b1d56f47370cf3f503,0x0d500b1d8e8ef31e21c99d1db9a6444d3adf1270,0x492ffa946e274340fce17c9a0fd77759d6ecb3c6
quickswap,0x5757371414417b8c6caad45baef941abc7d3ab32,4.202781387585131788,0.003,0x599e0cb0dd401b179af0c4b8d856aa7efd861614,0x056acf52d2e44bb0acf1eaecc8f1a20b1bda70b9,0x0d500b1d8e8ef31e21c99d1db9a6444d3adf1270
quickswap,0x5757371414417b8c6caad45baef941abc7d3ab32,0.037476111498972761,0.003,0x6a07d1ee06e58ca292e3cf066778ef0b53514ad0,0x0d500b1d8e8ef31e21c99d1db9a6444d3adf1270,0x915da81630a89420657047126436230729e84b90
quickswap,0x5757371414417b8c6caad45baef941abc7d3ab32,0,0.003,0xb2dbfd642e9ab167d139a08606387fbb6bde1ee3,0x0d500b1d8e8ef31e21c99d1db9a6444d3adf1270,0x8d2ed14326739974d38eb288b00909794712922f
quickswap,0x5757371414417b8c6caad45baef941abc7d3ab32,0.000000157467496612,0.003,0xd5739784a1694910d1053b2918e46a338a352a49,0x0d500b1d8e8ef31e21c99d1db9a6444d3adf1270,0x3c1159b816d6f055a0818c6cd9b2899614162d6c
quickswap,0x5757371414417b8c6caad45baef941abc7d3ab32,0.000232181318422501,0.003,0xf6e33654bd4409296c22785ba2b917dc67063353,0x0d500b1d8e8ef31e21c99d1db9a6444d3adf1270,0xeb311a3f09bed7c0d8478a6745343d82353fcb68
quickswap,0x5757371414417b8c6caad45baef941abc7d3ab32,0.003634768922558641,0.003,0xf5bc50a8f1d2b6861e3cbd73604fab371fe2f9df,0x0d500b1d8e8ef31e21c99d1db9a6444d3adf1270,0x4e84d58877fb3f6c7e7716c9830e4231bc52435c
quickswap,0x5757371414417b8c6caad45baef941abc7d3ab32,0.000126199117997729,0.003,0xf2cc0b0f1772c989c7439d4c0921a3ccbb362cd8,0x0d500b1d8e8ef31e21c99d1db9a6444d3adf1270,0xcbf42a42cbbd5a3f69283d6227bcdd6f8b0442da
quickswap,0x5757371414417b8c6caad45baef941abc7d3ab32,0.000000048657214109,0.003,0x12b4c7f27128f68dd730c04e0b8210804c91f157,0x0d500b1d8e8ef31e21c99d1db9a6444d3adf1270,0xde00168a78c267dadb9327d72abc5d54b12d7e1f
quickswap,0x5757371414417b8c6caad45baef941abc7d3ab32,0.000126198749764336,0.003,0x6ec2b77869a00f76f8eab28c47d52beb50c08c9f,0x0d500b1d8e8ef31e21c99d1db9a6444d3adf1270,0x88fda08d03ae592ec1fd378b0fcd7dd21d93b6c9
quickswap,0x5757371414417b8c6caad45baef941abc7d3ab32,0.00000019490470277,0.003,0x15bf6f30acc0bec60de7d1b523e0bdb1984c4e7c,0x0d500b1d8e8ef31e21c99d1db9a6444d3adf1270,0x22d52ea5eb84d309e93fa5073668ce2750cbe484
quickswap,0x5757371414417b8c6caad45baef941abc7d3ab32,0,0.003,0x8786cea61df976a953a62187adf68d8230134593,0x0d500b1d8e8ef31e21c99d1db9a6444d3adf1270,0xd00a99158e58e694dda7ade854793eeca4a417b0
quickswap,0x5757371414417b8c6caad45baef941abc7d3ab32,0.000000124579082115,0.003,0x13b2d492314fd7fbae97e03a8f18b34912be32b5,0x0d500b1d8e8ef31e21c99d1db9a6444d3adf1270,0x1a9c2c2b139f19ceb5948e026b3cda71a34ff3aa
quickswap,0x5757371414417b8c6caad45baef941abc7d3ab32,0.088787054608531151,0.003,0xed7d1d7d221d4e86df5c19f7fd5a33eb47645c47,0x0d500b1d8e8ef31e21c99d1db9a6444d3adf1270,0x33f8819c0de7fa0ac773b499afb32db1186cd837
quickswap,0x5757371414417b8c6caad45baef941abc7d3ab32,0.00000009535690179,0.003,0xc96f58ce7ff58a843d73eaec57200048d10fa1d9,0x0a8f3a627807d6aa2f2868f16c347fd3ff80f271,0x0d500b1d8e8ef31e21c99d1db9a6444d3adf1270
quickswap,0x5757371414417b8c6caad45baef941abc7d3ab32,0.000232859842921843,0.003,0x10ea8f2a9232616d1b504792a2ac2d1af0ef49cd,0x0d500b1d8e8ef31e21c99d1db9a6444d3adf1270,0xf5b7bd03c36e7054a3bf3a6e04631a4475204bed
quickswap,0x5757371414417b8c6caad45baef941abc7d3ab32,0.000077615283577284,0.003,0xab4a26d6475c7c0230ee6268fd8243a61d4541dc,0x0d500b1d8e8ef31e21c99d1db9a6444d3adf1270,0x2d0fa396e1a51e4c5d1ce04581e7e88dfe75a4c3
quickswap,0x5757371414417b8c6caad45baef941abc7d3ab32,0.000077619947640616,0.003,0x1f795803a41558308c7236c536714eca5a1f6b75,0x0d500b1d8e8ef31e21c99d1db9a6444d3adf1270,0xb653a6c43865250e6569978e9e8d13cf3073642e
quickswap,0x5757371414417b8c6caad45baef941abc7d3ab32,0.004451194200874548,0.003,0xb0013c7d348d42ae9a58cd069bf63cb33117e78a,0x0d500b1d8e8ef31e21c99d1db9a6444d3adf1270,0x971444b7e69ee740e4527ab207386ada6bf61f58
quickswap,0x5757371414417b8c6caad45baef941abc7d3ab32,0.003869193999992752,0.003,0xf6cb981d2cda174a09ecb8645fe5cf117de75481,0x0bab5bd7a808ab055fd9d5fd30191dfcdd634f37,0x0d500b1d8e8ef31e21c99d1db9a6444d3adf1270
quickswap,0x5757371414417b8c6caad45baef941abc7d3ab32,0,0.003,0xf70c01fdc708877db2097b574f820d7190a36726,0x0d500b1d8e8ef31e21c99d1db9a6444d3adf1270,0xdde124b089cb4782e5918fa737a178cf79506181
quickswap,0x5757371414417b8c6caad45baef941abc7d3ab32,0,0.003,0x81dfce5047b16247af5d50817fe2b734699405ed,0x04b48c9707fe5091ee772d92941f745bc0ad2b8f,0x442ed5a1e34aeee5af714b6a4fb17037be319db3
quickswap,0x5757371414417b8c6caad45baef941abc7d3ab32,0.00000012457216642,0.003,0x0ba7fbe3c9f196b6460f616cbf35aae4af168624,0x0d500b1d8e8ef31e21c99d1db9a6444d3adf1270,0x93181f9af9e8a88e5d1f56c16f4d366829ce5267
quickswap,0x5757371414417b8c6caad45baef941abc7d3ab32,0.000077381393460952,0.003,0xcd3d3dced29d95813da23926eb53d55885a1bbd3,0x0d500b1d8e8ef31e21c99d1db9a6444d3adf1270,0x1c36bc9177b310e190a7f81fa6db3bca44b9cdbc
quickswap,0x5757371414417b8c6caad45baef941abc7d3ab32,0.00000012475845947,0.003,0x83bec649b324f3477a4067482c219118747996d5,0x0d500b1d8e8ef31e21c99d1db9a6444d3adf1270,0x3c06ddff3b11bf63e5295711abfe9278561447a6
quickswap,0x5757371414417b8c6caad45baef941abc7d3ab32,0.005715916431982534,0.003,0xdc31bde7cbb9a6c5bef78d90eab053d829ab54c2,0x0d500b1d8e8ef31e21c99d1db9a6444d3adf1270,0xe37fbc570fd93737ac031d05e20ef37a5026b7a1
quickswap,0x5757371414417b8c6caad45baef941abc7d3ab32,0.291433333324588493,0.003,0x28b964e093f99159d37ad4ac6ff7b82b9ccac45b,0x0d500b1d8e8ef31e21c99d1db9a6444d3adf1270,0x7bee40920cbafbc2bb3803b0801c0aedee0cc1be
quickswap,0x5757371414417b8c6caad45baef941abc7d3ab32,2.484562792996123859,0.003,0x9df8c07e9b23388c7a16a5e50e5878ec8721315e,0x0d500b1d8e8ef31e21c99d1db9a6444d3adf1270,0x9d430ba9a6ca5a545ecb771b33d16c958036222a
quickswap,0x5757371414417b8c6caad45baef941abc7d3ab32,0.000078397450454161,0.003,0x044d4307843a52613565c194bc911f91b64da7f7,0x0d500b1d8e8ef31e21c99d1db9a6444d3adf1270,0xde66dd249322aa89ec2f82044f96c7b6962cbe4d
quickswap,0x5757371414417b8c6caad45baef941abc7d3ab32,0.776376632258904108,0.003,0x40f367e9e7360782f7541603c959bfed721d0d78,0x0d500b1d8e8ef31e21c99d1db9a6444d3adf1270,0xa7ea30db238a8cb46df9f7c5343de177b41586fa
quickswap,0x5757371414417b8c6caad45baef941abc7d3ab32,0.000833749859362401,0.003,0xc339e60146f7a8a0304dc58ec8cb5ac9d4da6b3a,0x0d500b1d8e8ef31e21c99d1db9a6444d3adf1270,0x6a76f9e28c497ca8668f8cf8746b3fb8c1d132a9
quickswap,0x5757371414417b8c6caad45baef941abc7d3ab32,0.281176675586365485,0.003,0xa430c2da49176610df5866381e5be2fa6e1e0928,0x0d500b1d8e8ef31e21c99d1db9a6444d3adf1270,0xf8a1f152801ca97f3a6b1437df4b555dfd394431
quickswap,0x5757371414417b8c6caad45baef941abc7d3ab32,0.001763542393189569,0.003,0x4b59be62cf23d3abecd50a6a85e86e21bfbbc0c9,0x0d500b1d8e8ef31e21c99d1db9a6444d3adf1270,0xe2b1a10240d9e903fed55854e1994b1121e204b4
quickswap,0x5757371414417b8c6caad45baef941abc7d3ab32,0.000135837787309045,0.003,0x8ae2b2b07ca9883cb03c0773142152b5bc7e02d0,0x0d500b1d8e8ef31e21c99d1db9a6444d3adf1270,0x43c879a55fcfb9ddfee90a8466ad365b317e488f
quickswap,0x5757371414417b8c6caad45baef941abc7d3ab32,0.002975,0.003,0xea1c122c278a0899c88f9fc29788a61d2f8dd09a,0x929c69f9741e35aee1bc2f5d3730df2cd500953d,0xc2132d05d31c914a87c6611c10748aeb04b58e8f
quickswap,0x5757371414417b8c6caad45baef941abc7d3ab32,0.039978793210071334,0.003,0x67e145effa6abc5c70eaa04bce288ffeceff3b52,0x0d500b1d8e8ef31e21c99d1db9a6444d3adf1270,0x2baedab7e7c33f96de18eb7b1c02a302ba0fcde7
quickswap,0x5757371414417b8c6caad45baef941abc7d3ab32,0.12037594789087951,0.003,0xc6c6325cb9e63b5551b86a082a4ba30fde910113,0x0d500b1d8e8ef31e21c99d1db9a6444d3adf1270,0xa46cdb2b2fb08e4a40c764d32bdda8fbfb84f50e
quickswap,0x5757371414417b8c6caad45baef941abc7d3ab32,0.007773242508382989,0.003,0xe15f58279c8f5123d9197a15ce34b5bd32e0eb97,0x0d500b1d8e8ef31e21c99d1db9a6444d3adf1270,0xf2b40c11ecac5aae97fbda8f7f1ed82281a1eb48
quickswap,0x5757371414417b8c6caad45baef941abc7d3ab32,0.009418646823877721,0.003,0x6df3b9d329bf1fa97f4e3b02994868698a0a1601,0x0d500b1d8e8ef31e21c99d1db9a6444d3adf1270,0x51582bc34e21256c908e21027f0f36198eed07a3
quickswap,0x5757371414417b8c6caad45baef941abc7d3ab32,0.000069547570663932,0.003,0x15036819b225cebd5be512d92886f60047eb5812,0x0d500b1d8e8ef31e21c99d1db9a6444d3adf1270,0x100fca9c712a59c7c1eeca6048ffa424ebef29d4
quickswap,0x5757371414417b8c6caad45baef941abc7d3ab32,0.000582397760139224,0.003,0xe7ee9a3cbd60ff47e73abbed8b0f7a3fa6852089,0x0af5d6b8ba7eeb22533de302d02bad1cbc0cbc04,0x0d500b1d8e8ef31e21c99d1db9a6444d3adf1270
quickswap,0x5757371414417b8c6caad45baef941abc7d3ab32,0.008272665301123089,0.003,0x9faa8e197080392e3fa47c136e2035d74822060f,0x0d500b1d8e8ef31e21c99d1db9a6444d3adf1270,0xcab90abe443e22d97ad211b77024cf97b4e16f69
quickswap,0x5757371414417b8c6caad45baef941abc7d3ab32,0.000000000000000446,0.003,0x30571954c410ebe5490823ea873d6726179d4cc8,0x0d500b1d8e8ef31e21c99d1db9a6444d3adf1270,0xe06b10a9a2c4f67365c2d685e80cbeef4ff1f98f
quickswap,0x5757371414417b8c6caad45baef941abc7d3ab32,0.00811598579984367,0.003,0xf47ac916ae13926f6f61d908a494078dfd71f7c7,0x0d500b1d8e8ef31e21c99d1db9a6444d3adf1270,0x7bed16779a30aaa6770182a5886d2be14d315dc4
quickswap,0x5757371414417b8c6caad45baef941abc7d3ab32,1.553831357629750687,0.003,0x455a9942136c3ed79fbc473b9712ffc070d55a68,0x037510f2ee232ec018ab694b907da5e0b311ed2b,0x0d500b1d8e8ef31e21c99d1db9a6444d3adf1270
quickswap,0x5757371414417b8c6caad45baef941abc7d3ab32,0.002216086577106511,0.003,0x722e5038616fe6c6d22be74d6b07eaa96d9ac404,0x2791bca1f2de4661ed88a30c99a7a9449aa84174,0x714db550b574b3e927af3d93e26127d15721d4c2
quickswap,0x5757371414417b8c6caad45baef941abc7d3ab32,0.007767457852208265,0.003,0xb53f9df157951b7f783c89663c5f30c13b231ee9,0x0d500b1d8e8ef31e21c99d1db9a6444d3adf1270,0xb32d87a2b871a85cc5f149ab7343aad83cb55f90
quickswap,0x5757371414417b8c6caad45baef941abc7d3ab32,0.001264891393973681,0.003,0xbcb290ed6e46bb61631f3b8b3184d541977bf017,0x0d500b1d8e8ef31e21c99d1db9a6444d3adf1270,0xedb5bc091cf936a1a11bcf3c69ffe8d12b41de61
quickswap,0x5757371414417b8c6caad45baef941abc7d3ab32,0.570980092432291789,0.003,0x93bd1ef8bc14c21bbbba7a1d2f49b59f75df9b79,0x0d500b1d8e8ef31e21c99d1db9a6444d3adf1270,0xa0b7076310e8e177b389c3cabf9eec3024724c2d
quickswap,0x5757371414417b8c6caad45baef941abc7d3ab32,0.000125595503166232,0.003,0x4a158d4a91fceaad1715ad51eb3dbb9f16d015bd,0x0d500b1d8e8ef31e21c99d1db9a6444d3adf1270,0x3d695888b6a421fa76682b103dc56bfe13a3cb3d
quickswap,0x5757371414417b8c6caad45baef941abc7d3ab32,0.3862139461334485,0.003,0x4013ae7d6f22a8d5a98934987754054493d0740d,0x0d500b1d8e8ef31e21c99d1db9a6444d3adf1270,0xe227a9d570b51bff5677678b0e84151815059140
quickswap,0x5757371414417b8c6caad45baef941abc7d3ab32,0,0.003,0xe1b9b61d7b889a7e8559ae02b5b7237271598b95,0x0d500b1d8e8ef31e21c99d1db9a6444d3adf1270,0xcd711f63ec3af40b5650e469f74f1aa07b5da5c5
quickswap,0x5757371414417b8c6caad45baef941abc7d3ab32,0,0.003,0x77e581cb11cbaf28aa2a494c358133ab8416f8bf,0x0d500b1d8e8ef31e21c99d1db9a6444d3adf1270,0xcff6a3649688bf9f5400ffe1d1c1ea017302e45a
quickswap,0x5757371414417b8c6caad45baef941abc7d3ab32,0,0.003,0x46ef835e24e3c3c4a3390e21d39f22ac2262215b,0x0d500b1d8e8ef31e21c99d1db9a6444d3adf1270,0x26b4d057fea7d0cea4b35cf2ac8dfa5fea16d75b
quickswap,0x5757371414417b8c6caad45baef941abc7d3ab32,0.003536880580479356,0.003,0xec5e73df0e9f33c20d0f89dc486b074b5ca584ac,0x0d500b1d8e8ef31e21c99d1db9a6444d3adf1270,0xfe0fa987866540a7c1f7db00d842562a3f5c4dd4
quickswap,0x5757371414417b8c6caad45baef941abc7d3ab32,823.943604505643458291,0.003,0x4874b35afcb741d76197f2c124d7160aaed567e9,0x0d500b1d8e8ef31e21c99d1db9a6444d3adf1270,0x1f55815b9cbc23d7ab9891f596ea4f06664b52a6
quickswap,0x5757371414417b8c6caad45baef941abc7d3ab32,0.047499272712170477,0.003,0x79c343f11f3c2eb33a02e2466d6d6095dac425e5,0x0d500b1d8e8ef31e21c99d1db9a6444d3adf1270,0x505c3f40ac7265331887e7e9d3316a123a4d2bfd
quickswap,0x5757371414417b8c6caad45baef941abc7d3ab32,0.023761500821476443,0.003,0x59cf2afc98a08f8bf44b6224a360887b819c0da6,0x0d500b1d8e8ef31e21c99d1db9a6444d3adf1270,0xa4f387314b58dec00ce6e4016316a5288d58aea2
quickswap,0x5757371414417b8c6caad45baef941abc7d3ab32,0,0.003,0x500b28da6d7ba4b44b5774138e30abeba9e3f7cd,0x0d500b1d8e8ef31e21c99d1db9a6444d3adf1270,0x778edc36726e9b4254578708ed084ebd5368bb38
quickswap,0x5757371414417b8c6caad45baef941abc7d3ab32,0.000000654512435208,0.003,0x57b3a99b0adc360117d0c5cae12c027c67b161f1,0x0d500b1d8e8ef31e21c99d1db9a6444d3adf1270,0x7c3e3e435712bc4e24b2310f6b8d0ab29c69e157
quickswap,0x5757371414417b8c6caad45baef941abc7d3ab32,0.000338201293400161,0.003,0x9d289dae6f17a410cb822f0ec1121d5a3b2efa09,0x0d500b1d8e8ef31e21c99d1db9a6444d3adf1270,0x5cea59408b32ba52da8ae5f5234ddb0ecd35bd54
quickswap,0x5757371414417b8c6caad45baef941abc7d3ab32,0.000513924570760413,0.003,0x9dd57aaab29d9da2cb4ab5b92c52ce5106c190bf,0x0d500b1d8e8ef31e21c99d1db9a6444d3adf1270,0xc812b72b3085f23332917631e921a2b67ea6d954
quickswap,0x5757371414417b8c6caad45baef941abc7d3ab32,0.000242025425023536,0.003,0xb54f8def61e782bc48c77470de53ef03416de064,0x0d500b1d8e8ef31e21c99d1db9a6444d3adf1270,0x44ef85b934775825dc5546d24c0cf85daeb5630f
quickswap,0x5757371414417b8c6caad45baef941abc7d3ab32,0.257429373500570492,0.003,0xaeeea3ce755ff014032e92a7c97ad186da9533f4,0x0d500b1d8e8ef31e21c99d1db9a6444d3adf1270,0xf10b5886be6eba06dfb61b805e8978a96179f90d
quickswap,0x5757371414417b8c6caad45baef941abc7d3ab32,0.000174760381088924,0.003,0x35103020850ce2194aafa36f32c3c0b661295cb4,0x0d500b1d8e8ef31e21c99d1db9a6444d3adf1270,0x964fe598fd215ed219155a780a52e84a179ccdce
quickswap,0x5757371414417b8c6caad45baef941abc7d3ab32,0.008139084174841886,0.003,0x77e72e90c5172cc615c79d3d4e970c08d5554262,0x0d500b1d8e8ef31e21c99d1db9a6444d3adf1270,0xa75cdc87ba6d57423c532307a993ea95bade5153
quickswap,0x5757371414417b8c6caad45baef941abc7d3ab32,0.000279038922177275,0.003,0xe380dd125e9230e680121aa531a996de323bbb02,0x0d500b1d8e8ef31e21c99d1db9a6444d3adf1270,0x617914318ab2815e1f899ca7034c80877dc69b0b
quickswap,0x5757371414417b8c6caad45baef941abc7d3ab32,0.00041231324139685,0.003,0xb13ddea7b6ee5234093edd87b1f1fc00d0dfa812,0x0d500b1d8e8ef31e21c99d1db9a6444d3adf1270,0x5c65a8b1b868e0b143a66210e000806adbe768e7
quickswap,0x5757371414417b8c6caad45baef941abc7d3ab32,0.013447933808270785,0.003,0x398c5be4ef027cf117aa9468e3bd13b247de9daf,0x0d500b1d8e8ef31e21c99d1db9a6444d3adf1270,0x7323928d072c455b37a4fa00bb94e6b5b24df48b
quickswap,0x5757371414417b8c6caad45baef941abc7d3ab32,0.007768011068688397,0.003,0x5e5c0e7dcb14ad8ef13e5280ed8a1ef61c97d1cd,0x0d500b1d8e8ef31e21c99d1db9a6444d3adf1270,0xe712c221331a58226fddd452fe5393c2c2526209
quickswap,0x5757371414417b8c6caad45baef941abc7d3ab32,0.00569922164601919,0.003,0xabd105b3dd0d0c60bf0247215fa7afbcbc4d6764,0x0d500b1d8e8ef31e21c99d1db9a6444d3adf1270,0x7a4edb439ac167a59d613e39ec7e68710626676f
quickswap,0x5757371414417b8c6caad45baef941abc7d3ab32,0.00824312475873731,0.003,0xf93b5ee31448a6d27ed2dd1a9c1b6ff916d3364e,0x0d500b1d8e8ef31e21c99d1db9a6444d3adf1270,0xbbf4a94702fda2da998992ca20694e24e1229be6
quickswap,0x5757371414417b8c6caad45baef941abc7d3ab32,0.008534137107234895,0.003,0xb74f5f609c5c1d562d8c3720c4bd8da82099212f,0x0d500b1d8e8ef31e21c99d1db9a6444d3adf1270,0x59a3134c872b141809e9bacf0f862cf3530c5405
quickswap,0x5757371414417b8c6caad45baef941abc7d3ab32,0.004731899902953528,0.003,0x44547cae4e7f66c3046c68f7ad73faa5adacbd78,0x09f6906b94cf0f4929abc8f84a9fa520e97b741a,0x0d500b1d8e8ef31e21c99d1db9a6444d3adf1270
quickswap,0x5757371414417b8c6caad45baef941abc7d3ab32,0.603232040573311418,0.003,0x7c666529d0e26a7f19d95c96077d6607d48e56d1,0x0d500b1d8e8ef31e21c99d1db9a6444d3adf1270,0x35d0a9f2b44722a999a6eafc0299bf2b18799ef5
quickswap,0x5757371414417b8c6caad45baef941abc7d3ab32,0.016276757527051131,0.003,0x82c416d534f3f487fcddf4dd37fa5b6f27fec8bf,0x0d500b1d8e8ef31e21c99d1db9a6444d3adf1270,0x24f8953509e2bb2e69c41079565e2586d0d7af48
quickswap,0x5757371414417b8c6caad45baef941abc7d3ab32,0.008269996577767094,0.003,0xbc46b1b946b33cd2932abb6145b5cce5ddeba13c,0x0d500b1d8e8ef31e21c99d1db9a6444d3adf1270,0xabd3e49cb88983a55ebba23e18c9f5f09eb1757a
quickswap,0x5757371414417b8c6caad45baef941abc7d3ab32,0,0.003,0x1e83addb7231b97601811e723c9524c86548a1fc,0x0d500b1d8e8ef31e21c99d1db9a6444d3adf1270,0x416a7d903e4f402d262686c1c0d0cca4d164f438
quickswap,0x5757371414417b8c6caad45baef941abc7d3ab32,0.015569119824759463,0.003,0x8ea6957abfd7c4f1c3e5f485c58c80da33c6f04d,0x0d500b1d8e8ef31e21c99d1db9a6444d3adf1270,0xdb2f40d15818b99ad001e2e510ae0e8eab9274df
quickswap,0x5757371414417b8c6caad45baef941abc7d3ab32,0,0.003,0x4c03c9a862da703f2644d38f092b66e7b1742355,0x0d500b1d8e8ef31e21c99d1db9a6444d3adf1270,0xf34f7df658930a0b2d011826b1bd6bcb322e312f
quickswap,0x5757371414417b8c6caad45baef941abc7d3ab32,24.184845192961533794,0.003,0x5ebe76ff7a614ba72fd70c515fd56046da4556bf,0x0d500b1d8e8ef31e21c99d1db9a6444d3adf1270,0xa331d0c1a99b6fbcbb97d8ec57ca87a7594bbe47
quickswap,0x5757371414417b8c6caad45baef941abc7d3ab32,0.016068714197188863,0.003,0x5753128c81ddc7c1df89dbc557d33a42ea52457f,0x0d500b1d8e8ef31e21c99d1db9a6444d3adf1270,0x6a25b4a3c5f0750b9b50e720d48df863cbcc21bc
quickswap,0x5757371414417b8c6caad45baef941abc7d3ab32,0.000145532591255132,0.003,0x548c75b07119b9a3eabe4277bb34db216c907a26,0x0d500b1d8e8ef31e21c99d1db9a6444d3adf1270,0x4d2588778661fedf714e8e9ebbbaad1b2070592e
quickswap,0x5757371414417b8c6caad45baef941abc7d3ab32,0.000000000000000001,0.003,0x0253ff0abe871e679c83400d8a46f7fe4143976c,0x0d500b1d8e8ef31e21c99d1db9a6444d3adf1270,0x98cbaa6c25a1d3c9740204847822066a66e05050
quickswap,0x5757371414417b8c6caad45baef941abc7d3ab32,0,0.003,0x576238bb6a30013085321163e512445468f2f4e4,0x0d500b1d8e8ef31e21c99d1db9a6444d3adf1270,0x3b33db47661aa458d2c833e3624d30c7a0b4b000
quickswap,0x5757371414417b8c6caad45baef941abc7d3ab32,0.031454231495535003,0.003,0x604fb7697ae568951d8fa5a8f33bf9de85c41dfa,0x0d500b1d8e8ef31e21c99d1db9a6444d3adf1270,0x1b27c72d05bbbb61bf6f299fcd41606c8e93bf6a
quickswap,0x5757371414417b8c6caad45baef941abc7d3ab32,69.600959543270408907,0.003,0x1f0c9ffa083ddea99d53e4d892cdb2d1f505d7dd,0x0d500b1d8e8ef31e21c99d1db9a6444d3adf1270,0xbcec83ff5256e18ca392c622663a5ff01fdcd08a
quickswap,0x5757371414417b8c6caad45baef941abc7d3ab32,5.357589691919578649,0.003,0x0f26711e0c73928d0bf912113946dd233ee7fa20,0x0d500b1d8e8ef31e21c99d1db9a6444d3adf1270,0x36a28c7c9b3dea22f07f4df67833cbe764feeeb4
quickswap,0x5757371414417b8c6caad45baef941abc7d3ab32,0.150480084086102077,0.003,0x8c9638e7589a74f882ea95b06516ec3bf6f85268,0x0d500b1d8e8ef31e21c99d1db9a6444d3adf1270,0x973f9c60e8c0801549890e6bdc293679e5362926
quickswap,0x5757371414417b8c6caad45baef941abc7d3ab32,0.000007042467281495,0.003,0x34ee5d9b55542764a535b16dc0b33f5415d1ddea,0x0d500b1d8e8ef31e21c99d1db9a6444d3adf1270,0x67acd939f1d3020bb22bc0b49a72a6d671c5171e
quickswap,0x5757371414417b8c6caad45baef941abc7d3ab32,0,0.003,0xa43eb6de566fb65b7372bf10ba9f8e724df35e87,0x0d500b1d8e8ef31e21c99d1db9a6444d3adf1270,0xb8b3eef848b91affd4cb8747190d21c6b339fae8
quickswap,0x5757371414417b8c6caad45baef941abc7d3ab32,0.017534464018067393,0.003,0xab6628495a79177052f2bf53c96deff77b75f8a7,0x0d500b1d8e8ef31e21c99d1db9a6444d3adf1270,0x3844428bbb2e7d4d13043291f81c5a725e494d42
quickswap,0x5757371414417b8c6caad45baef941abc7d3ab32,0,0.003,0x8d7e70a79afb713f2217e9ba3bb43b5be1d5cbad,0x0d500b1d8e8ef31e21c99d1db9a6444d3adf1270,0xf64af0fb41a3fb15fa59a805bda4a585e3548500
quickswap,0x5757371414417b8c6caad45baef941abc7d3ab32,0.004206465866260189,0.003,0xfd48b2851a0496b13316983e5b2caa2b588a565d,0x0d500b1d8e8ef31e21c99d1db9a6444d3adf1270,0x0e28a37371c826904e62f9a09c44ae12bcc539a3
quickswap,0x5757371414417b8c6caad45baef941abc7d3ab32,0.000020267378449739,0.003,0x76fd089cc874e1abe1f3f9db6f2d23a819cd13e1,0x0d500b1d8e8ef31e21c99d1db9a6444d3adf1270,0xa32387a5ceabf7ad73ae663aa1dacf220ad0165e
quickswap,0x5757371414417b8c6caad45baef941abc7d3ab32,0.008282702733428102,0.003,0x2224ad0402873dd223e34266b81296b7e9e65bb0,0x0d500b1d8e8ef31e21c99d1db9a6444d3adf1270,0xab9ea7dcb818aac227ee9855a065256d0f2ba0f8
quickswap,0x5757371414417b8c6caad45baef941abc7d3ab32,0.00024228665055236,0.003,0xea64d795a30bb6ffb9c57c05b7e3302f6e585ac3,0x0d500b1d8e8ef31e21c99d1db9a6444d3adf1270,0x795f28aa90351d78cb2f1ea59be324061889f980
quickswap,0x5757371414417b8c6caad45baef941abc7d3ab32,6.622587964997702844,0.003,0xa910c27162d4238061d374d19d2a4b4ede7aec6b,0x0d500b1d8e8ef31e21c99d1db9a6444d3adf1270,0x708bb7d70d5269ef8e23a73826ffcd470c273c0e
quickswap,0x5757371414417b8c6caad45baef941abc7d3ab32,0,0.003,0x9ea334a0f01f72ab255650c622824c042cf65966,0x7445f63ce3a18b81729424bcc42a10c284dc9836,0xc2132d05d31c914a87c6611c10748aeb04b58e8f
quickswap,0x5757371414417b8c6caad45baef941abc7d3ab32,0.000783155326137579,0.003,0x32913035b054f09a0c0456a0c76d6fe394040940,0x0d500b1d8e8ef31e21c99d1db9a6444d3adf1270,0xe925e94c051aad4892879455b9792514e8e9e8a9
quickswap,0x5757371414417b8c6caad45baef941abc7d3ab32,2045.294192402901062737,0.003,0xef40e733aed95c2d54a1f0495e4ee54bef2b7a36,0x0d500b1d8e8ef31e21c99d1db9a6444d3adf1270,0xc8b3df1ae3c15cf3635acbf23e9c4ef2166d1e1e
quickswap,0x5757371414417b8c6caad45baef941abc7d3ab32,0.000509010052183262,0.003,0x7a5933e48df7a69e82e3746915125328c6517711,0x0d500b1d8e8ef31e21c99d1db9a6444d3adf1270,0x86891b059d60bf2b76e9a1e678a530e3ba0827d3
quickswap,0x5757371414417b8c6caad45baef941abc7d3ab32,0,0.003,0x7f7fa1daad4f394563739c6b19f535301ddf23f4,0x0d500b1d8e8ef31e21c99d1db9a6444d3adf1270,0xcfc8f463553f40018e1b017345b1f19c2c5e2da5
quickswap,0x5757371414417b8c6caad45baef941abc7d3ab32,0,0.003,0x7f4e0d2d686a5cd4d914d871dc48218314fe4c4c,0x0d500b1d8e8ef31e21c99d1db9a6444d3adf1270,0xb3e571472939ba9ef431508e5ed6517818073a5e
quickswap,0x5757371414417b8c6caad45baef941abc7d3ab32,0,0.003,0xcb6de15f977e214a4af1e9ca48e40f1da9f5074a,0x0d500b1d8e8ef31e21c99d1db9a6444d3adf1270,0x3e71ca11036e232a8a87cbce0031cb858f9096a0
quickswap,0x5757371414417b8c6caad45baef941abc7d3ab32,0.004632376775644223,0.003,0xbd6b851ffba6819853df53eea0b69737f1a3b104,0x0d500b1d8e8ef31e21c99d1db9a6444d3adf1270,0x683d3fdb9ff415ce8547baf391fa7bec19209662
quickswap,0x5757371414417b8c6caad45baef941abc7d3ab32,0,0.003,0xe7afda8b3b12576d07914b6c163b144083a31baf,0x0d500b1d8e8ef31e21c99d1db9a6444d3adf1270,0xf335dbd37b09b11a305063fe786d15ef0b594756
quickswap,0x5757371414417b8c6caad45baef941abc7d3ab32,0.952917624213008431,0.003,0x69c4ceee04a3552304a17359859ebafae1f738b5,0x0d500b1d8e8ef31e21c99d1db9a6444d3adf1270,0x254ce93187c6507b08106d170eff8e25c6cb5a94
quickswap,0x5757371414417b8c6caad45baef941abc7d3ab32,0.004992533518738119,0.003,0x4e3ff257237f8aae760b1b705626235431f87997,0x0d500b1d8e8ef31e21c99d1db9a6444d3adf1270,0xc7e5dc977aadbbce3c629d80330a4dd5169bf2bd
quickswap,0x5757371414417b8c6caad45baef941abc7d3ab32,0,0.003,0xff92023909c4240e20574e2a897cd9ebc0d397af,0x0d500b1d8e8ef31e21c99d1db9a6444d3adf1270,0xb574118bfccfdb0692fa5426fc8ae598088c88a1
quickswap,0x5757371414417b8c6caad45baef941abc7d3ab32,20590.406602502061702498,0.003,0x702d22f5c5f853472a9ce4526c27107618e3a2d5,0x0d500b1d8e8ef31e21c99d1db9a6444d3adf1270,0x67f41ce3c9e5cbd9b5474c5cca79ca9b71fda4dc
quickswap,0x5757371414417b8c6caad45baef941abc7d3ab32,0.000625555755610356,0.003,0xff2d04a67da5044cdafff1b13601fce27624a6f4,0x0d500b1d8e8ef31e21c99d1db9a6444d3adf1270,0x48637f2efdd03eda4e2778bc568fca4a67ac06e4
quickswap,0x5757371414417b8c6caad45baef941abc7d3ab32,0.000028755371368733,0.003,0x4cadcdfdaa5da1a9d1afa76116ca8a20c43f789e,0x0d500b1d8e8ef31e21c99d1db9a6444d3adf1270,0xbae3b2ec3e971a64b979ca99a32240e4db293b40
quickswap,0x5757371414417b8c6caad45baef941abc7d3ab32,0.062753127464355289,0.003,0xececaac630da391fd32c47a6c4bb0543615268ea,0x0d500b1d8e8ef31e21c99d1db9a6444d3adf1270,0xffa1ec1c738ec753233c9a5ef72c871ba01ddb1c
quickswap,0x5757371414417b8c6caad45baef941abc7d3ab32,0.054974695369719862,0.003,0x16d9ea3505df8e762fdb08cebb51b9a1250e9ebe,0x0d500b1d8e8ef31e21c99d1db9a6444d3adf1270,0x7d0924a531b9cc262840d0dc764269256d41538d
quickswap,0x5757371414417b8c6caad45baef941abc7d3ab32,0.774351975068443222,0.003,0xaecffc41328029ac45091801e02ab0df440b2635,0x0d500b1d8e8ef31e21c99d1db9a6444d3adf1270,0xdf2101aef2f088a3440c753fcadcdea5a13b73d9
quickswap,0x5757371414417b8c6caad45baef941abc7d3ab32,0.000164934823057862,0.003,0xe47325268af44b28753050aa94f838f4a6487f71,0x0d500b1d8e8ef31e21c99d1db9a6444d3adf1270,0x884b8cd46137de006e9c554c19e6c672a2bf9f00
quickswap,0x5757371414417b8c6caad45baef941abc7d3ab32,0.160838741469442693,0.003,0x7ef9be18fff382d11fec6d0acb11da4e91d31f7c,0x0d500b1d8e8ef31e21c99d1db9a6444d3adf1270,0x3782d33ce1e9f4fd093d263122bf227245239122
quickswap,0x5757371414417b8c6caad45baef941abc7d3ab32,0.000275806553048751,0.003,0x7b3dd6dbe672425574519511a85955a3bc25f79b,0x0d500b1d8e8ef31e21c99d1db9a6444d3adf1270,0x21c67f4b675cf39926b34190d25216c8186bfc22
quickswap,0x5757371414417b8c6caad45baef941abc7d3ab32,0.000754906035750603,0.003,0x43c0367dd95d0c02e111af7022b7e789d8c5f8ef,0x0d500b1d8e8ef31e21c99d1db9a6444d3adf1270,0x3fb43f58eba9984b6dbd6251a25dfb003bce24ad
quickswap,0x5757371414417b8c6caad45baef941abc7d3ab32,0.023145,0.003,0x102711eec46f409147997259fec76c5f9f647a22,0x594ed4bdfea4bd8f49a33b300e41eaad1d084f39,0xc2132d05d31c914a87c6611c10748aeb04b58e8f
quickswap,0x5757371414417b8c6caad45baef941abc7d3ab32,0.000634346814470322,0.003,0x76effe76880b1a61740c8a2608b8ff40e8ad7571,0x0d500b1d8e8ef31e21c99d1db9a6444d3adf1270,0x24bdb91b85a2656bd1adc731acde9609ee746b11
quickswap,0x5757371414417b8c6caad45baef941abc7d3ab32,0.000084412264014161,0.003,0xf150e8818c525374c14f4a440c61410f1ee0521d,0x0d500b1d8e8ef31e21c99d1db9a6444d3adf1270,0xbd9d903c79ccee45aeae9bacf917fbba9f71f2c2
quickswap,0x5757371414417b8c6caad45baef941abc7d3ab32,0.007868157455031195,0.003,0xebc6ea60182133a2ff9c314e6a705bc166a38364,0x0d500b1d8e8ef31e21c99d1db9a6444d3adf1270,0x99d4f897f9f825f38821cbecdfbe624d0b6fd424
quickswap,0x5757371414417b8c6caad45baef941abc7d3ab32,0.102474531957170564,0.003,0xc78d5a7ad095018befa3a7f70cb144363d80b2a0,0x04b3aa38ececf00cd8a49ce22c5d7d3c6b6bc162,0x0d500b1d8e8ef31e21c99d1db9a6444d3adf1270
quickswap,0x5757371414417b8c6caad45baef941abc7d3ab32,0.001105464164689814,0.003,0x3d43f63d946e37ca4263b991d49ba1ad364c25c5,0x0d500b1d8e8ef31e21c99d1db9a6444d3adf1270,0xa58e597e26facd21c393541a9df0af511063dc49
quickswap,0x5757371414417b8c6caad45baef941abc7d3ab32,0.000625494961365732,0.003,0xf110f193f14d47a5b7794e1adc0e487fc9690ded,0x0d500b1d8e8ef31e21c99d1db9a6444d3adf1270,0x5daaa1d45dc7eddc7972ad2033ac2eb75b65a576
quickswap,0x5757371414417b8c6caad45baef941abc7d3ab32,0.031138558073743751,0.003,0xfee69198b8ebd43dc4f557dd8340c7ceca390dc8,0x0d500b1d8e8ef31e21c99d1db9a6444d3adf1270,0x8b6088c7dd73c78b9ac66a5f6ea07e38f09973c8
quickswap,0x5757371414417b8c6caad45baef941abc7d3ab32,0.063043695222220066,0.003,0x61a8cac7cc9e138df5cbb48cc0ca7578193364b6,0x0d500b1d8e8ef31e21c99d1db9a6444d3adf1270,0x78e00d90105e79961047915ac57b0de393b789f4
quickswap,0x5757371414417b8c6caad45baef941abc7d3ab32,0.001993154464288787,0.003,0x740217d6500589adfe6fbfccd30dd1941b837779,0x0d500b1d8e8ef31e21c99d1db9a6444d3adf1270,0x112a4e3c55daed752842dbe16fe9470369bb898f
quickswap,0x5757371414417b8c6caad45baef941abc7d3ab32,0,0.003,0x222c0afd1e55edbe640b58fe3cf12963b5e66d6d,0x0d500b1d8e8ef31e21c99d1db9a6444d3adf1270,0xec7624587c05acb9d1b84be4ce1571e1c1024982
quickswap,0x5757371414417b8c6caad45baef941abc7d3ab32,0,0.003,0x6f7439b5d91250b4025726f24333c3a4d21b421b,0x0d500b1d8e8ef31e21c99d1db9a6444d3adf1270,0xa1a1bc7d2073496065cefc8c00f865b8e6625b16
quickswap,0x5757371414417b8c6caad45baef941abc7d3ab32,0.000000000000001098,0.003,0xfc1ccc9c83f07d78a505670f226f42aca525c2bd,0x0d500b1d8e8ef31e21c99d1db9a6444d3adf1270,0x15c64accc5d2ad8c2863f88a58ec5464679694be
quickswap,0x5757371414417b8c6caad45baef941abc7d3ab32,0.056228386775321282,0.003,0xbf549bed1db1a3557fe6226ffa3c156f6984ccc6,0xb3bec36e9fb41c88b0f0433a3e5f16cf0dd7e0a3,0xbc2538033ab1b54bdcc9bd3de18dbd29015e0c2c
quickswap,0x5757371414417b8c6caad45baef941abc7d3ab32,0.06323822595103484,0.003,0xea63830eac8fd7349bc62ed8b2a6b28a835182eb,0x0d500b1d8e8ef31e21c99d1db9a6444d3adf1270,0x2f3702b350942406cadfdae42d0ec558cd6c7428
quickswap,0x5757371414417b8c6caad45baef941abc7d3ab32,0.00001544462271012,0.003,0xfd5b5c559726bf64e1492834ae4179c8b7ee4bfa,0x0d500b1d8e8ef31e21c99d1db9a6444d3adf1270,0x0e758dec3ca653eb654c9548fab501958839964a
quickswap,0x5757371414417b8c6caad45baef941abc7d3ab32,0.000000000000000001,0.003,0x194d9e9c13a6b7aea5171c4bf0eccd3fc28b8044,0x0d500b1d8e8ef31e21c99d1db9a6444d3adf1270,0xfb59677d0f8686f87f822db9c4fc4920c6b91ee7
quickswap,0x5757371414417b8c6caad45baef941abc7d3ab32,0.00052875621451317,0.003,0x3ffa7bb93cf076dd0482b9492506b0b1f86e7bbc,0x0d500b1d8e8ef31e21c99d1db9a6444d3adf1270,0xaf88e9bc451a6b470d690bdf785b045cb83c5ef2
quickswap,0x5757371414417b8c6caad45baef941abc7d3ab32,0.000015475927397903,0.003,0x76c29080928c55e58082815dfebfd728dfffdea9,0x0d500b1d8e8ef31e21c99d1db9a6444d3adf1270,0xd1d271f2658e4c9dbd8f1521a347add44a0318df
quickswap,0x5757371414417b8c6caad45baef941abc7d3ab32,0.494541417633477965,0.003,0x8cdc6f5e06a1036af799605671a0f3a444744e99,0x0d500b1d8e8ef31e21c99d1db9a6444d3adf1270,0x1f47e0c6577f2b6af1e3a81f6177a9e4a6b68fff
quickswap,0x5757371414417b8c6caad45baef941abc7d3ab32,0.008167015104823673,0.003,0x7b3714a446e2204508b21c3d6d2beab9712ed95b,0x0d500b1d8e8ef31e21c99d1db9a6444d3adf1270,0x46072e1ce1b473042c9812be752ee3ea529045fc
quickswap,0x5757371414417b8c6caad45baef941abc7d3ab32,0.000677270207952292,0.003,0xd79410766e927b870ebf0ded890ac35e5af8285b,0x0d500b1d8e8ef31e21c99d1db9a6444d3adf1270,0xb3bec36e9fb41c88b0f0433a3e5f16cf0dd7e0a3
quickswap,0x5757371414417b8c6caad45baef941abc7d3ab32,0.009375369263879873,0.003,0x2e6a20f2ed686fb966a2226a4255844520551794,0x0d500b1d8e8ef31e21c99d1db9a6444d3adf1270,0x7647f739d3575016f35fb2b5caa97171878cfcb3
quickswap,0x5757371414417b8c6caad45baef941abc7d3ab32,19.118003963573072947,0.003,0xf773846966a14b4300f42d0f73e8b347e1f706a2,0x0d500b1d8e8ef31e21c99d1db9a6444d3adf1270,0xbc5eb84c052fd012bb902c258c9fd241b17c0005
quickswap,0x5757371414417b8c6caad45baef941abc7d3ab32,0.050454681472758152,0.003,0xb2ea4c3d7a2189647f634be16ed9b07b01cb7ad8,0x0d500b1d8e8ef31e21c99d1db9a6444d3adf1270,0x278c09295e2c3eeca177975dc962753b4540ba1d
quickswap,0x5757371414417b8c6caad45baef941abc7d3ab32,31.511535657383571045,0.003,0xf6b09c0d43f38047a3cc9b7ee2b5ea87475e7818,0x53e0bca35ec356bd5dddfebbd1fc0fd03fabad39,0xa571963278014b5b3a686778747fdf8ad4dfbb94
quickswap,0x5757371414417b8c6caad45baef941abc7d3ab32,0.008104350571120942,0.003,0xd7137b77429038ebf0972f88d86f188272a81262,0x0d500b1d8e8ef31e21c99d1db9a6444d3adf1270,0xc8a41cd00f2a26a3c902120f3dbb15951ddcb2c0
quickswap,0x5757371414417b8c6caad45baef941abc7d3ab32,0,0.003,0xba9510b4fc0abf4f2002435c05e403a8ca00cca6,0x0d500b1d8e8ef31e21c99d1db9a6444d3adf1270,0x24c8790dd20f7620918cf98c509885385c9cb2ed
quickswap,0x5757371414417b8c6caad45baef941abc7d3ab32,0,0.003,0x078e5202a22c751de56b88af5854e8ecc1049eab,0x0d500b1d8e8ef31e21c99d1db9a6444d3adf1270,0x55ad05c7613b1c11626b6e914d52e4c8c5b4b15d
quickswap,0x5757371414417b8c6caad45baef941abc7d3ab32,0.21872670656726707,0.003,0xc5b619f14e9d2347c2d18cb2296e25b2950ff635,0x0d500b1d8e8ef31e21c99d1db9a6444d3adf1270,0xa58beb64ae8153f99202a91cd46b3de30f7aa7ea
quickswap,0x5757371414417b8c6caad45baef941abc7d3ab32,0.903533549332927791,0.003,0x8c7f69b76a1c97f72efc6c7c19140bf94d33e133,0x0d500b1d8e8ef31e21c99d1db9a6444d3adf1270,0x88b7b0bb45be26b67f4536df9958f16713510085
quickswap,0x5757371414417b8c6caad45baef941abc7d3ab32,0,0.003,0xa1768dccf7643204b0abf0e136f0642a217b75f2,0x0d500b1d8e8ef31e21c99d1db9a6444d3adf1270,0x6fcf871f823dfce2e421ad87c202fda179c93513
quickswap,0x5757371414417b8c6caad45baef941abc7d3ab32,0,0.003,0x1c6a726800d2bf3baee4b970b2bb3bf73fe6a234,0x0d500b1d8e8ef31e21c99d1db9a6444d3adf1270,0xf04a527a4b1e745d08fc524c715469615eac0421
quickswap,0x5757371414417b8c6caad45baef941abc7d3ab32,0.000943080788964086,0.003,0x79c404e3085e39516aa05d506fd32fac2d18855a,0x0d500b1d8e8ef31e21c99d1db9a6444d3adf1270,0xfe075f3545b54434e567ab9c19ff157cdf43ba63
quickswap,0x5757371414417b8c6caad45baef941abc7d3ab32,0.777035087819896241,0.003,0x42af7380668cd3d14c45a4197f76bf9b818a3690,0x04f4d2e0b86d858272a78c0443cc53e7824be878,0x0d500b1d8e8ef31e21c99d1db9a6444d3adf1270
quickswap,0x5757371414417b8c6caad45baef941abc7d3ab32,0,0.003,0xc0cfeab0c7ce95e80eba311537f2ac2c3c32f1b7,0x0d500b1d8e8ef31e21c99d1db9a6444d3adf1270,0xe14fba7206490a14bdee1be2a852a1800fe2b4cf
quickswap,0x5757371414417b8c6caad45baef941abc7d3ab32,0.000007020780445398,0.003,0x3c129c795385bf1076f6e87158e78d3671d9480f,0x0d500b1d8e8ef31e21c99d1db9a6444d3adf1270,0x6f7a3ab2abcd2975def53bd74585f1dc4519a92d
quickswap,0x5757371414417b8c6caad45baef941abc7d3ab32,0.000362686379339779,0.003,0xfbc43e76d0114e41adafda747a19453ce623e220,0x0c958c96befeff8310c7585ab1ce3adc9f57a55b,0x0d500b1d8e8ef31e21c99d1db9a6444d3adf1270
quickswap,0x5757371414417b8c6caad45baef941abc7d3ab32,0.10766010408895429,0.003,0x3a66c29b2544c888bbdaa7770d846b3537bea09d,0x0d500b1d8e8ef31e21c99d1db9a6444d3adf1270,0xbe47af374541080e1ba7ab48fd4a89ad33b36448
quickswap,0x5757371414417b8c6caad45baef941abc7d3ab32,0.016774066060974076,0.003,0xaa4a1681788ce91f829b1f1c21361e61e37eaa5f,0x0d500b1d8e8ef31e21c99d1db9a6444d3adf1270,0xeeed670a523b70d4e86d10f420fff5e02d31b0a8
quickswap,0x5757371414417b8c6caad45baef941abc7d3ab32,0.000038809134821492,0.003,0x04e4c8c941c64a41869e66a8517c2228468f2ee5,0x0d240c1189670f7b0a2e51c810fefbd094e266b0,0x0d500b1d8e8ef31e21c99d1db9a6444d3adf1270
quickswap,0x5757371414417b8c6caad45baef941abc7d3ab32,0,0.003,0x893cda0a58a275a2f73966cfba5712b4a835a586,0x3a29cab2e124919d14a6f735b6033a3aad2b260f,0x8519d8deae7ba984c4c7850b11c4671b4f62b330
quickswap,0x5757371414417b8c6caad45baef941abc7d3ab32,0.008040864756689015,0.003,0x5e15f128ff44cdb91de36eebce7d29f49d7ee85f,0x0d500b1d8e8ef31e21c99d1db9a6444d3adf1270,0x7553435013bc3c3b1d044259f9d3989de14456d1
quickswap,0x5757371414417b8c6caad45baef941abc7d3ab32,0,0.003,0x7965e897e6ab1e2496a6a2f95fb191ada190a166,0x0d500b1d8e8ef31e21c99d1db9a6444d3adf1270,0xec6b1065abd19371b9ad1ea321cceaf5a72ffcdb
quickswap,0x5757371414417b8c6caad45baef941abc7d3ab32,0,0.003,0xda333c97e55169b6638b443142ced7a170d2f48b,0x0d500b1d8e8ef31e21c99d1db9a6444d3adf1270,0x9a0004acfcb82e4501a4a7cffa368acf560fbe24
quickswap,0x5757371414417b8c6caad45baef941abc7d3ab32,0,0.003,0xaa5d2b2e72e6fdbfe3acf96bacdba0f226b76a21,0x0d500b1d8e8ef31e21c99d1db9a6444d3adf1270,0xb796d8e97ccc8ef3cf48ce42c1c192315845f51a
quickswap,0x5757371414417b8c6caad45baef941abc7d3ab32,3.166322736554797405,0.003,0x5afe6b17841f426eaf9fe565fa28c46a09708581,0x0d2db4238a9a86ea6a6fd4968e24fc3b2edaa009,0x3ed4c2d63def617f436eb031bacae16f478f3b00
quickswap,0x5757371414417b8c6caad45baef941abc7d3ab32,0.015836396670277721,0.003,0x51094f53a829fc503c6f5c424092cdac8a19ee22,0x0d500b1d8e8ef31e21c99d1db9a6444d3adf1270,0x77802815b24a92e54cccbe2b775e2b3bd28e71d7
quickswap,0x5757371414417b8c6caad45baef941abc7d3ab32,0,0.003,0x762ac3f4e14783b7eed4907043358c9672eafd5b,0x0d500b1d8e8ef31e21c99d1db9a6444d3adf1270,0x64ba6645a62b65f9f786dab901c35240634be17a
quickswap,0x5757371414417b8c6caad45baef941abc7d3ab32,0,0.003,0xe2e913b025fbb192a43209f6fb19732688371541,0x0d500b1d8e8ef31e21c99d1db9a6444d3adf1270,0xd587f1249db53c6cab98c17f7f32f0e41a7e2c08
quickswap,0x5757371414417b8c6caad45baef941abc7d3ab32,0.000626,0.003,0x7cd6e6d4e86af4d173aebfb96183c398af564cc6,0x100071be1ee3dd7051a6470fff7202c8e0ee670f,0xc2132d05d31c914a87c6611c10748aeb04b58e8f
quickswap,0x5757371414417b8c6caad45baef941abc7d3ab32,10.692616,0.003,0x7c74e20ebf1b876ef2bc91f2d32ea545e2739290,0x99956ef3b3c77f6fb0691a95f6d5d2f0b9387e19,0xc2132d05d31c914a87c6611c10748aeb04b58e8f
quickswap,0x5757371414417b8c6caad45baef941abc7d3ab32,0.001705063215031665,0.003,0x5b61832be41b394ef6daf49572e9b0ff7f26c653,0x0d500b1d8e8ef31e21c99d1db9a6444d3adf1270,0x8fc78012d0a64b8ed199848755937fe4aa01bb06
quickswap,0x5757371414417b8c6caad45baef941abc7d3ab32,0.00000213611416433,0.003,0x7c02e95a2b326c6d2bd2d5f69d60c205ceaa59c0,0x0d500b1d8e8ef31e21c99d1db9a6444d3adf1270,0x76406b97a65f17efac9089174b35723a46ca8dfb
quickswap,0x5757371414417b8c6caad45baef941abc7d3ab32,0.051635128916099554,0.003,0x16d8eb3db09de12a815d23b280e0e4dce4540508,0x0d500b1d8e8ef31e21c99d1db9a6444d3adf1270,0x1c67bf581fd1d6033e5753983e5af93a5b67f45b
quickswap,0x5757371414417b8c6caad45baef941abc7d3ab32,0.008056109494737921,0.003,0xa1a4b1cb0e2311a28412f2e852c229ad722cd32a,0x0d500b1d8e8ef31e21c99d1db9a6444d3adf1270,0x944fc4c7cbd6d5bf550760e8e67713260f06b5b9
quickswap,0x5757371414417b8c6caad45baef941abc7d3ab32,2557.390318988652116916,0.003,0xd0ae843156385a411f7de6e7b95a35c9c5e870ea,0x0d500b1d8e8ef31e21c99d1db9a6444d3adf1270,0x956fad5322750824760a3746b9714edd28861eea
quickswap,0x5757371414417b8c6caad45baef941abc7d3ab32,0.015753807488799347,0.003,0x60e9e75e66db9a57732394f834c912ddc6d78cdf,0x0d500b1d8e8ef31e21c99d1db9a6444d3adf1270,0x496aad7963434a86b5368d1ef95d9fd00bd45335
quickswap,0x5757371414417b8c6caad45baef941abc7d3ab32,0.928348913714765924,0.003,0x96f16829967c8ad5da2a2b0932a72e79f7acf2dd,0x0d500b1d8e8ef31e21c99d1db9a6444d3adf1270,0x0d8dc095b91965c13ae894855873033321887633
quickswap,0x5757371414417b8c6caad45baef941abc7d3ab32,0.019363307352836644,0.003,0xd7f5c696513f81bd671c6e6c3f5518fabbc5062b,0x0d500b1d8e8ef31e21c99d1db9a6444d3adf1270,0x5353922ef34907499335fd205bb561eea20a4a11
quickswap,0x5757371414417b8c6caad45baef941abc7d3ab32,0.00821487042732214,0.003,0xdcf7cf242c5e3acf47924e583607533ab6b378f6,0x0d500b1d8e8ef31e21c99d1db9a6444d3adf1270,0x5a725ba0850dcbcc8dda2d01a3571e4d075fbf32
quickswap,0x5757371414417b8c6caad45baef941abc7d3ab32,0.000770837803267835,0.003,0x27d92f2c9b9b44ab2c196027830fef5f52a1b995,0x0d500b1d8e8ef31e21c99d1db9a6444d3adf1270,0x1892c5a9252c372fae9f27fd1d135e068e3c7cbd
quickswap,0x5757371414417b8c6caad45baef941abc7d3ab32,0.003293895587827806,0.003,0x8790d3f87091d19449eab2c190d0c5eaa1b233ec,0x0d500b1d8e8ef31e21c99d1db9a6444d3adf1270,0x982d2acbbe0e577ba6e0e53c29e559aa04e1d45b
quickswap,0x5757371414417b8c6caad45baef941abc7d3ab32,0.034727302101861292,0.003,0x0d6e1cd9aead890d92fedf11d2a08b4d5339122e,0x0d500b1d8e8ef31e21c99d1db9a6444d3adf1270,0x241a464cc4ff8581a5bc60f04b19d6c8a0ddbb26
quickswap,0x5757371414417b8c6caad45baef941abc7d3ab32,0,0.003,0xd9029a4fbc4a6d1790995a67cf51326c4aa0224f,0x0d500b1d8e8ef31e21c99d1db9a6444d3adf1270,0x626ddb9de1b4d56665ab7cea215606eaa5a1be7d
quickswap,0x5757371414417b8c6caad45baef941abc7d3ab32,0.000135752282693835,0.003,0x56bbe587a3a96d0e90533d391d7f93092fb73c6d,0x0d500b1d8e8ef31e21c99d1db9a6444d3adf1270,0x283724cd54f9a739e1c46c21a5a238f4a23ad759
quickswap,0x5757371414417b8c6caad45baef941abc7d3ab32,0.000001,0.003,0xb79c1de08e869c24740dda6e9a452b739ff53a50,0x363053c3eb5c25bce94f0ce6568fa7292f600614,0xc2132d05d31c914a87c6611c10748aeb04b58e8f
quickswap,0x5757371414417b8c6caad45baef941abc7d3ab32,7981.13820557791836579,0.003,0x689e00ededcddaa881d6d9c65a6d3c09f5c7c41b,0x0d500b1d8e8ef31e21c99d1db9a6444d3adf1270,0xdb3643766a0e2a8e7c2ff5f86d36c082a6a4304b
quickswap,0x5757371414417b8c6caad45baef941abc7d3ab32,3.362358124700262027,0.003,0xf592c107022091abfa48cbffea633da8c16bc1c2,0x0d500b1d8e8ef31e21c99d1db9a6444d3adf1270,0x48b78128ac3a11c071b3daf271ab91071401a8b9
quickswap,0x5757371414417b8c6caad45baef941abc7d3ab32,0.011117503236062038,0.003,0x3bbe1db735dbe74cb0af2015321f88ed2d22c799,0x0d500b1d8e8ef31e21c99d1db9a6444d3adf1270,0xc59934e4ffcf9313a71bb1a339354f274833ce24
quickswap,0x5757371414417b8c6caad45baef941abc7d3ab32,0.000059637757978331,0.003,0xcfbfc969638ca98c9edd570f4ae71038d9cf6ea8,0x0d500b1d8e8ef31e21c99d1db9a6444d3adf1270,0x21a669b66a59eb7dc3d3e4c60f40ba136641f584
quickswap,0x5757371414417b8c6caad45baef941abc7d3ab32,0.000470088853062194,0.003,0x02572ca9142d7448e1fbe44978dada8f5ffa14f8,0x0d500b1d8e8ef31e21c99d1db9a6444d3adf1270,0xe8a0bbabdd10998a3538cdef86fb22866321b0cd
quickswap,0x5757371414417b8c6caad45baef941abc7d3ab32,0.317338098589317875,0.003,0x9e76388ac98996d3c22efd7d71711d900bbaf3b0,0x0d500b1d8e8ef31e21c99d1db9a6444d3adf1270,0xe5b49820e5a1063f6f4ddf851327b5e8b2301048
quickswap,0x5757371414417b8c6caad45baef941abc7d3ab32,0.013724231376431589,0.003,0x9a03d2036166e3eb71f86eef20d3d001802f4cea,0x0d500b1d8e8ef31e21c99d1db9a6444d3adf1270,0x78da722fcde8c0bad5ae3bb91aa0b80598dc63b8
quickswap,0x5757371414417b8c6caad45baef941abc7d3ab32,0.000061,0.003,0xc9f164920d8efe8765c8a3d7899f4a6c6540d68b,0x2b7e23df7ef7258e95bd7eb1e3b0ddcc3c60819e,0xc2132d05d31c914a87c6611c10748aeb04b58e8f
quickswap,0x5757371414417b8c6caad45baef941abc7d3ab32,0.009573069389223311,0.003,0x8ee0b144f8ac7b13add4d59126b7df882d9fc65f,0x0d500b1d8e8ef31e21c99d1db9a6444d3adf1270,0x1478025edce45d1b5b4942fcb1eb68f03e2b0371
quickswap,0x5757371414417b8c6caad45baef941abc7d3ab32,0,0.003,0x11726e15a716aabdb756223204f36467d984e7a4,0x0d500b1d8e8ef31e21c99d1db9a6444d3adf1270,0x42ada058924ad9b38796b239cd18707ac92e114f
quickswap,0x5757371414417b8c6caad45baef941abc7d3ab32,0,0.003,0xd86ef84b28dfdb33e21f38d3660ef283dc750970,0x28f53ba70e5c8ce8d03b1fad41e9df11bb646c36,0xa571963278014b5b3a686778747fdf8ad4dfbb94
quickswap,0x5757371414417b8c6caad45baef941abc7d3ab32,0,0.003,0x814b455cd434f8b8fed322a20359f25bac5bfa17,0x72d31b6dd46daae07391036097a2cb4648991ecd,0x7dab035a8a65f7d33f1628a450c6780323d3c5e1
quickswap,0x5757371414417b8c6caad45baef941abc7d3ab32,0,0.003,0x37043bb55280b4c334e3a588987066ee422cfd7f,0x0d500b1d8e8ef31e21c99d1db9a6444d3adf1270,0xc6913476f39138bbb175d6dd45402bb80224f764
quickswap,0x5757371414417b8c6caad45baef941abc7d3ab32,0,0.003,0x2dc825687104100226b22452a3c36405c996d821,0x72d31b6dd46daae07391036097a2cb4648991ecd,0xdb88ab5b485b38edbeef866314f9e49d095bce39
quickswap,0x5757371414417b8c6caad45baef941abc7d3ab32,0,0.003,0xbfa5a56182a3d1254e932d11d1a4d18ec8065f04,0x0d500b1d8e8ef31e21c99d1db9a6444d3adf1270,0x470bf37b07c05f32bfa2f24ba4da689e14f1f8d6
quickswap,0x5757371414417b8c6caad45baef941abc7d3ab32,0,0.003,0x4668a3f6d06240f6ea5271bebe8adcfc96ff3943,0xdb88ab5b485b38edbeef866314f9e49d095bce39,0xf32e6dc7709c596c5a5f328fa01edd8ec3f62517
quickswap,0x5757371414417b8c6caad45baef941abc7d3ab32,0.007819613087737854,0.003,0xfe0380ea030ec1d538b84265fd5eb6c8dd57f980,0x0d500b1d8e8ef31e21c99d1db9a6444d3adf1270,0x974430b5db559f827c112dceb07216b0a40d9009
quickswap,0x5757371414417b8c6caad45baef941abc7d3ab32,0.019406549700584845,0.003,0xfad4eae9ee1c521ed1581601d11fc982f9bcfb72,0x0d500b1d8e8ef31e21c99d1db9a6444d3adf1270,0xf4d1200292ce5b87358504dde6b8625fd8ead685
quickswap,0x5757371414417b8c6caad45baef941abc7d3ab32,0.856222527877423028,0.003,0xb5d8a7c5678632f1937b592c0398f4e04d72012d,0x0d500b1d8e8ef31e21c99d1db9a6444d3adf1270,0xe8c0cc1c758945d57f00681fcb29d7d77a2cbf8c
quickswap,0x5757371414417b8c6caad45baef941abc7d3ab32,6.151775387830439746,0.003,0xae7c304b3d11b6cf2c1bc6ab7e36ac11f6d758c2,0x0d500b1d8e8ef31e21c99d1db9a6444d3adf1270,0x715bcb011bdb9d4b0a4980a36f721f968cdfce0d
quickswap,0x5757371414417b8c6caad45baef941abc7d3ab32,0.008480720189561889,0.003,0x84b6767109c15ab20edc6d084699ca8a450ade78,0x0d500b1d8e8ef31e21c99d1db9a6444d3adf1270,0x5c49be6d74ab1ec5ab946791a4cc44c0ad9a3976
quickswap,0x5757371414417b8c6caad45baef941abc7d3ab32,0.000097054055928672,0.003,0x864cfb8302ddc956b2b05f69b01c55b3a7b1b759,0x0d500b1d8e8ef31e21c99d1db9a6444d3adf1270,0x2bab4fcfd214fdfa2f0d8fe00cee3133e9232e06
quickswap,0x5757371414417b8c6caad45baef941abc7d3ab32,0.008862361991106841,0.003,0x47dec9ae841095abfc003e5c06db67df10a9ec9f,0x0d500b1d8e8ef31e21c99d1db9a6444d3adf1270,0x99d2c1f8136e8ba7bc8e3328a2e444f38dc88394
quickswap,0x5757371414417b8c6caad45baef941abc7d3ab32,0.077888855431062062,0.003,0x4f92ef05fb13ab8d3272d9eaa2d050976d1790be,0x0d500b1d8e8ef31e21c99d1db9a6444d3adf1270,0xf83c9fbaf9d444719f7c263a6c6f2542744ca287
quickswap,0x5757371414417b8c6caad45baef941abc7d3ab32,0.309325308695371952,0.003,0xa87f12a6fce37966432b16fdf54dc1de33305b40,0x0d500b1d8e8ef31e21c99d1db9a6444d3adf1270,0x23dc875185b838f01a694ae4093fdc28747314e7
quickswap,0x5757371414417b8c6caad45baef941abc7d3ab32,0.268479522519888238,0.003,0x042a267a5f701666fbbcf69c73923f564a09c439,0x0d500b1d8e8ef31e21c99d1db9a6444d3adf1270,0x2cf649f7d46b98ca77b12292077386b45c70100e
quickswap,0x5757371414417b8c6caad45baef941abc7d3ab32,15.054958336004191648,0.003,0x2c471dd1924b80c82af2c7cf319d5fa31811329c,0x027da30fadab6202801f97be344e2348a2a92842,0x7ceb23fd6bc0add59e62ac25578270cff1b9f619
quickswap,0x5757371414417b8c6caad45baef941abc7d3ab32,0,0.003,0xcef845fc19c36879928b47a03a4ff4106ac8fbe6,0x027da30fadab6202801f97be344e2348a2a92842,0x72d31b6dd46daae07391036097a2cb4648991ecd
quickswap,0x5757371414417b8c6caad45baef941abc7d3ab32,0,0.003,0x2e05dcf37fc07cddfacb1b87b033d7e13edcf6e2,0x027da30fadab6202801f97be344e2348a2a92842,0x2791bca1f2de4661ed88a30c99a7a9449aa84174
quickswap,0x5757371414417b8c6caad45baef941abc7d3ab32,0.110014926163500295,0.003,0x44a53bc7d387f154cb694dace76dcd4c19554825,0x0d500b1d8e8ef31e21c99d1db9a6444d3adf1270,0x5e1dad3abaaf7cc4e355d8e1e61c3bab315546f4
quickswap,0x5757371414417b8c6caad45baef941abc7d3ab32,0.000002137443195387,0.003,0x5db10439f3e91334884726d6a21f9158c0aaba5a,0x0d500b1d8e8ef31e21c99d1db9a6444d3adf1270,0x39c23bd24f8480a7bf3f771e4164284d520dcbb1
quickswap,0x5757371414417b8c6caad45baef941abc7d3ab32,0.0004701427884988,0.003,0x8a61996bf6f9d8f60faf6e8f0e4c04dac97e190d,0x0d500b1d8e8ef31e21c99d1db9a6444d3adf1270,0x1b37a7ae915e8b2a2686410451631defaaa01676
quickswap,0x5757371414417b8c6caad45baef941abc7d3ab32,108.777784,0.003,0x8300012a652624f595d8f840b5e89b1011df494f,0x773572b5d35490f28845df81ef282b33e5e5f1e7,0xc2132d05d31c914a87c6611c10748aeb04b58e8f
quickswap,0x5757371414417b8c6caad45baef941abc7d3ab32,2.485266545789972044,0.003,0xd841437e8ba31dacc76103e50fa18a90ee6ab5d0,0x72d31b6dd46daae07391036097a2cb4648991ecd,0xcaaf554900e33ae5dbc66ae9f8adc3049b7d31db
quickswap,0x5757371414417b8c6caad45baef941abc7d3ab32,0,0.003,0x0e15d141f292694d4535333e0d921dbaea44c858,0x0d500b1d8e8ef31e21c99d1db9a6444d3adf1270,0x67308d0f6d9b91f233d28055f4884b2b5b2bfd8f
quickswap,0x5757371414417b8c6caad45baef941abc7d3ab32,2477.6465676291014064,0.003,0xa8dc72da287d3069806de6105ca85525b03de00e,0x039d2e8f097331278bd6c1415d839310e0d5ece4,0x7ceb23fd6bc0add59e62ac25578270cff1b9f619
quickswap,0x5757371414417b8c6caad45baef941abc7d3ab32,0,0.003,0x577b47d03cb13861dcbf317078954a3d062e5333,0x0d500b1d8e8ef31e21c99d1db9a6444d3adf1270,0x63f3fba9e3b436a8f64bd92f6fe945f50bcab6a9
quickswap,0x5757371414417b8c6caad45baef941abc7d3ab32,0.247667998693537379,0.003,0xfab0cef71a91f31b73508c0d0c94254eb618eed5,0x0d500b1d8e8ef31e21c99d1db9a6444d3adf1270,0xba6617282ef7dcce9f22d3b59195fa16d986e7c7
quickswap,0x5757371414417b8c6caad45baef941abc7d3ab32,0.389635338935366601,0.003,0xe43dc3c74bfc717950ff1094bdb4190d746c0662,0x0d500b1d8e8ef31e21c99d1db9a6444d3adf1270,0xca7e7b5d6c097dc0eafe50fe4b642f85a3e9181a
quickswap,0x5757371414417b8c6caad45baef941abc7d3ab32,0.011694346274467824,0.003,0xa64630620d3be065c464bc62849980d943c011d5,0x0d500b1d8e8ef31e21c99d1db9a6444d3adf1270,0xfca0709fc2dc06b25a81efd861c834d64b79b334
quickswap,0x5757371414417b8c6caad45baef941abc7d3ab32,0.271424671628341369,0.003,0xfc75c54d41c213d32262961c4b31f27b7b234c62,0x0d500b1d8e8ef31e21c99d1db9a6444d3adf1270,0x5c34291a25aa783b6b88da69aa85f95313200f9d
quickswap,0x5757371414417b8c6caad45baef941abc7d3ab32,0.023011327253894325,0.003,0x4dd9e157e26b6f932acdd9fcc60b883e12e87a86,0x0d500b1d8e8ef31e21c99d1db9a6444d3adf1270,0xa50766aba00d637e8b51838b452d4334d28540e8
quickswap,0x5757371414417b8c6caad45baef941abc7d3ab32,0.007911745035627503,0.003,0xfec180aa4cc8ffbebc05d3cf8981b56a5cb8ef88,0x0d500b1d8e8ef31e21c99d1db9a6444d3adf1270,0xa0e61d17695daca3fc7aea91dec92ab6ece9f706
quickswap,0x5757371414417b8c6caad45baef941abc7d3ab32,0,0.003,0xeff1ea3313b79ec23bff35779311789da3b969b2,0x0ab82d3ccb00ae2a8f7ccc8f8cd9a36324ae89dd,0x0d500b1d8e8ef31e21c99d1db9a6444d3adf1270
quickswap,0x5757371414417b8c6caad45baef941abc7d3ab32,0.01079050549068099,0.003,0xf74dd7b21082b7d419fbfee0a1175c6e3ab8a56a,0x0d500b1d8e8ef31e21c99d1db9a6444d3adf1270,0x307bb607e17d3789aac216371fe4d8b25dc5e18c
quickswap,0x5757371414417b8c6caad45baef941abc7d3ab32,0.000437550123920086,0.003,0xddf618f659be5cc2c0ead30516dc0a93f8d014b4,0x0d500b1d8e8ef31e21c99d1db9a6444d3adf1270,0x6e64bf67e789013c5ccfc29e7804d50413f164e2
quickswap,0x5757371414417b8c6caad45baef941abc7d3ab32,0,0.003,0x8a584007d2fb5e08ec9e19af2f120f1d1abf34e1,0xa571963278014b5b3a686778747fdf8ad4dfbb94,0xdb88ab5b485b38edbeef866314f9e49d095bce39
quickswap,0x5757371414417b8c6caad45baef941abc7d3ab32,0,0.003,0xb77cc881d482dd66ec099a15dd5a4a485d6b3674,0x0d500b1d8e8ef31e21c99d1db9a6444d3adf1270,0x332b28dc2a25b11fe804fba225500d046591ea44
quickswap,0x5757371414417b8c6caad45baef941abc7d3ab32,0.267398091054329933,0.003,0xf664158df1d492a17327414c50787eb4c48c62d1,0x0d500b1d8e8ef31e21c99d1db9a6444d3adf1270,0xcae3826a8ab21a7444ff96f8ade0a89d2cd34f8f
quickswap,0x5757371414417b8c6caad45baef941abc7d3ab32,0.035718594667466506,0.003,0xd7182bb5a5eae1a5d5bb8a46ee3d6ff1d7accc06,0x0d500b1d8e8ef31e21c99d1db9a6444d3adf1270,0x577909a0efe1ae18d9839a4aee274a4dd8b33351
quickswap,0x5757371414417b8c6caad45baef941abc7d3ab32,0,0.003,0x4e218d564c1150f1a4d35ad4ea9be0e7df4488ad,0x0d500b1d8e8ef31e21c99d1db9a6444d3adf1270,0xf6cff477abb22fd7767c2b2014d7a0fd84ee4ef5
quickswap,0x5757371414417b8c6caad45baef941abc7d3ab32,0.089144820590258785,0.003,0xbeaffe4f8cd2d35753f282a1f3bc977f424b0d29,0x0d500b1d8e8ef31e21c99d1db9a6444d3adf1270,0x4f972104fd9efce7edf84369d329f01e3b43f38e
quickswap,0x5757371414417b8c6caad45baef941abc7d3ab32,0.056544865111639176,0.003,0x040fde479d8371af13632dd2ab1b98b226df0c8a,0x0d500b1d8e8ef31e21c99d1db9a6444d3adf1270,0xf78c066eaf3c1644cd04ffb3e310fb52cbfa81a3
quickswap,0x5757371414417b8c6caad45baef941abc7d3ab32,0.00775421444954419,0.003,0x92569db6353497202f37d5563b5262f5b2934387,0x0d500b1d8e8ef31e21c99d1db9a6444d3adf1270,0x3614fd3d8611339b2797c9aa374b7f790f239e1d
quickswap,0x5757371414417b8c6caad45baef941abc7d3ab32,0,0.003,0xa2aced429c5f7ad29c78a121c90c32d657a2c504,0x0d500b1d8e8ef31e21c99d1db9a6444d3adf1270,0xff7193869d397d9d9a7e2b1853838bbf236ad5e5
quickswap,0x5757371414417b8c6caad45baef941abc7d3ab32,0.080101022536804225,0.003,0xeaa14304b866636acc8a2367715e173710559857,0x0d500b1d8e8ef31e21c99d1db9a6444d3adf1270,0x9464c2873ca44581b961b316aec763ac26d91edf
quickswap,0x5757371414417b8c6caad45baef941abc7d3ab32,0.000514098760283413,0.003,0x7b3833347d4bf8827df236ec45686a5e025e4c85,0x0d500b1d8e8ef31e21c99d1db9a6444d3adf1270,0x39d05037ea73519e891af2050d306cc1569ac675
quickswap,0x5757371414417b8c6caad45baef941abc7d3ab32,0.000078456105701129,0.003,0x59c1e1cd228d67bfcc8088f0827b2bbe48d37500,0x0d500b1d8e8ef31e21c99d1db9a6444d3adf1270,0x2add5586cfe7af5f14ac24e74de810a1e687f744
quickswap,0x5757371414417b8c6caad45baef941abc7d3ab32,0.077681550891420113,0.003,0xdc4a094bab64989544755c61ea44696efa65f39a,0x0d500b1d8e8ef31e21c99d1db9a6444d3adf1270,0x7ee9e445c9697a3e453727ce5a89a8487748e4dd
quickswap,0x5757371414417b8c6caad45baef941abc7d3ab32,0.011702312809414005,0.003,0xcda0a31ca15557b42bb9ae78b11d7b24a2ffc6d8,0x0d500b1d8e8ef31e21c99d1db9a6444d3adf1270,0xb0748d2c1f72dfbddfa0411f3d9af28b4144f9ac
quickswap,0x5757371414417b8c6caad45baef941abc7d3ab32,0.00046988516081673,0.003,0x0ac3defacfc804e14f142a2b232373790333135d,0x0d500b1d8e8ef31e21c99d1db9a6444d3adf1270,0xf27b3b4a0877b8406c4affbbc67b58c1c476b234
quickswap,0x5757371414417b8c6caad45baef941abc7d3ab32,0.000038185232886369,0.003,0x0c8273f45629f5d18e0759190c0475905bbf5008,0x0d500b1d8e8ef31e21c99d1db9a6444d3adf1270,0xba75c4dd1f823d63dbebdb77b78a9b1daf49e365
quickswap,0x5757371414417b8c6caad45baef941abc7d3ab32,46.505765047914062306,0.003,0xaababe88a8378f71a216870948565d22995c2776,0x0d500b1d8e8ef31e21c99d1db9a6444d3adf1270,0x971c3d6c0d929a25ba730e6aac5ebc4c0c53e6d6
quickswap,0x5757371414417b8c6caad45baef941abc7d3ab32,0.000007048863761432,0.003,0x48dc276a905a1d1c4528d2cfa133d5b5b9738f7e,0x0d500b1d8e8ef31e21c99d1db9a6444d3adf1270,0x3688af44b83026407bd8fdbc17475afe27efa999
quickswap,0x5757371414417b8c6caad45baef941abc7d3ab32,0,0.003,0xfbd023182589de5dbbd4b56614329479a27b22aa,0x0d500b1d8e8ef31e21c99d1db9a6444d3adf1270,0xd5f50fd11bf45f5c33798097362dbcb8236c4d54
quickswap,0x5757371414417b8c6caad45baef941abc7d3ab32,0.000000000000000776,0.003,0xaa73cc0a05302de860af792f82f99019cd17dd19,0x0d500b1d8e8ef31e21c99d1db9a6444d3adf1270,0x9ed7e3ce4036771521209e03f7344df72da3030f
quickswap,0x5757371414417b8c6caad45baef941abc7d3ab32,0.000094347973492564,0.003,0x1f3edc67cb1d013cb309e4b2a43afb2649e62d88,0x0d500b1d8e8ef31e21c99d1db9a6444d3adf1270,0xf297c728ce19e9f61f76c4cf958c32e03e024c4b
quickswap,0x5757371414417b8c6caad45baef941abc7d3ab32,2.500555711968248488,0.003,0xce74f8bc6a0ca90ed808453ed346275680644bd7,0x0d500b1d8e8ef31e21c99d1db9a6444d3adf1270,0xa31291967a898f2cd2ad43149b330084ce7ae5c5
quickswap,0x5757371414417b8c6caad45baef941abc7d3ab32,0.000048141044348981,0.003,0x68e125f6c0abec20f30e760e277eece75b3c05bc,0x0d500b1d8e8ef31e21c99d1db9a6444d3adf1270,0xce8a4630828ff4ae92286916b3a9fcb778ad71e9
quickswap,0x5757371414417b8c6caad45baef941abc7d3ab32,0.389223724446610298,0.003,0xd0b421f8a2d488cd91041200515dc2d73d2b7853,0x0d500b1d8e8ef31e21c99d1db9a6444d3adf1270,0x1c7291e3d10f4b0c7ffddbd67b39e9ca845db3a7
quickswap,0x5757371414417b8c6caad45baef941abc7d3ab32,0,0.003,0x0d9b06cd7fa764daac5017aee4af221730ad5d84,0x0d500b1d8e8ef31e21c99d1db9a6444d3adf1270,0x5d054ef3518c4bb5404f7224858ea8b1a7fab9d9
quickswap,0x5757371414417b8c6caad45baef941abc7d3ab32,0.32778754243008153,0.003,0xd1f0bd36af0ab8ac5551c68634f8f4f572180ede,0x0cbeac0ec50b95fefeaf5d2f685bff0b9de54dd1,0x0d500b1d8e8ef31e21c99d1db9a6444d3adf1270
quickswap,0x5757371414417b8c6caad45baef941abc7d3ab32,0.000780870089534023,0.003,0x404fddff979dbe967d6bf609f99e3a96e97b468f,0x0d500b1d8e8ef31e21c99d1db9a6444d3adf1270,0x2d4f95ce76ebeac41fab1fb606455fdf2f2d719e
quickswap,0x5757371414417b8c6caad45baef941abc7d3ab32,0.000033350629201493,0.003,0xf52176882652ff5ba9c520369151a9108579a87e,0x070e1a0378aa9b12250a23fd3da2fa0d5393ec6b,0x0d500b1d8e8ef31e21c99d1db9a6444d3adf1270
quickswap,0x5757371414417b8c6caad45baef941abc7d3ab32,0.000183949367780525,0.003,0xa4f14ee6cb004981ee818060e38c4d773860529e,0x0d500b1d8e8ef31e21c99d1db9a6444d3adf1270,0x99ef970360dbe577f1df862329d1c96842c67f2c
quickswap,0x5757371414417b8c6caad45baef941abc7d3ab32,0.008317436045339608,0.003,0x2eed22762bdd4c00a0534e34b3128f9b39d76de8,0x0d500b1d8e8ef31e21c99d1db9a6444d3adf1270,0x2137040540de2be6d03d46f549cd965d56ddff6c
quickswap,0x5757371414417b8c6caad45baef941abc7d3ab32,199.895443331726258881,0.003,0x2ee5461b40e4c39debfc80e951f2fc495f9dcf9c,0x0d500b1d8e8ef31e21c99d1db9a6444d3adf1270,0xafa39df912a0e1939566eb127ee7c1d7cc666012
quickswap,0x5757371414417b8c6caad45baef941abc7d3ab32,0.007776614923736637,0.003,0xe6023c1e8857974960b4b79ef9dae143eb829001,0x0d500b1d8e8ef31e21c99d1db9a6444d3adf1270,0x92bc2c6426e78f577f8d36c0d3f09ca11edd28c6
quickswap,0x5757371414417b8c6caad45baef941abc7d3ab32,0.008234075924835777,0.003,0x7df65cd2684e0210c6307bff9268c01697da5c3b,0x0d500b1d8e8ef31e21c99d1db9a6444d3adf1270,0xa7d94100e18383529af3157679fe9b47810b5b28
quickswap,0x5757371414417b8c6caad45baef941abc7d3ab32,0.008909926552331208,0.003,0x0e4cba99c9f1fae905de86c8e9ed4654b29b7d8b,0x0d500b1d8e8ef31e21c99d1db9a6444d3adf1270,0x2af7c430bdfbbb6b892a7942ad75c5b30ed8b622
quickswap,0x5757371414417b8c6caad45baef941abc7d3ab32,0.000163124994825309,0.003,0x2391d18de8a4b3c4790d0a250834476d626d1185,0x0d500b1d8e8ef31e21c99d1db9a6444d3adf1270,0x167703ab53cbd831bd7305f9462d6f09ecb33683
quickswap,0x5757371414417b8c6caad45baef941abc7d3ab32,0.007921879744163902,0.003,0xec9ef2272c991807c24eea4f55c70ca38b0b6d31,0x0d500b1d8e8ef31e21c99d1db9a6444d3adf1270,0x539eac23af93eb738a39f2a6b8ea3a897aba00e9
quickswap,0x5757371414417b8c6caad45baef941abc7d3ab32,105.938614,0.003,0x1dcc561e91d65b72c590d60f4f2ddb35478670ac,0x36ff6f8ab309509c96e313827ad4487742563744,0xc2132d05d31c914a87c6611c10748aeb04b58e8f
quickswap,0x5757371414417b8c6caad45baef941abc7d3ab32,0,0.003,0xed6ccdec4647956737f6dc4e18d044226e333349,0x0048531500b8d3244bcb29438598bbef8dedb70b,0x3c499c542cef5e3811e1192ce70d8cc03d5c3359
quickswap,0x5757371414417b8c6caad45baef941abc7d3ab32,0,0.003,0xff7c019845bf7be64c6546835d2d115a25a15fc4,0x0d500b1d8e8ef31e21c99d1db9a6444d3adf1270,0xf5e65482b48278e8614d4aa3063eb2623318df81
quickswap,0x5757371414417b8c6caad45baef941abc7d3ab32,0,0.003,0x7db83a98d938064a29f1fc633bc4e15eb733b786,0xc2132d05d31c914a87c6611c10748aeb04b58e8f,0xf5e65482b48278e8614d4aa3063eb2623318df81
quickswap,0x5757371414417b8c6caad45baef941abc7d3ab32,0.008476569586524404,0.003,0x706904b257d796d50b61bc8bce4cf73225313f71,0x0d500b1d8e8ef31e21c99d1db9a6444d3adf1270,0x24a06957d464e9f53e660b3cd478b713d7ca6e60
quickswap,0x5757371414417b8c6caad45baef941abc7d3ab32,0.000901892309831995,0.003,0xe60b7e2badd11750e2302ca0b0a02956bd0bfbb2,0x0d500b1d8e8ef31e21c99d1db9a6444d3adf1270,0x79e073a3d52b7c9ffc0187df5c5241e4c1f3fd78
quickswap,0x5757371414417b8c6caad45baef941abc7d3ab32,0.000782717891241575,0.003,0x1547dccd4524e061afa30ccb457531ced53ec932,0x0d500b1d8e8ef31e21c99d1db9a6444d3adf1270,0x68d5aa9953f09e96cc3b0a996516157e26688a77
quickswap,0x5757371414417b8c6caad45baef941abc7d3ab32,0,0.003,0x4ca8ad6c0868d356453945833a70844d6c598d7f,0x0d500b1d8e8ef31e21c99d1db9a6444d3adf1270,0x19e6fc37b9ff52249283d5735896cee3ba3d2772
quickswap,0x5757371414417b8c6caad45baef941abc7d3ab32,0.000773026616965995,0.003,0x2a43df4f99d59426e73661ba88b59a8f5e11ab3f,0x0d500b1d8e8ef31e21c99d1db9a6444d3adf1270,0x6dad946280a0c5b9fdb65049fbdca976f47e3005
quickswap,0x5757371414417b8c6caad45baef941abc7d3ab32,0.00827676447882405,0.003,0xf0981b9e0f2ac4cc25a78fe67c1f823328f2e31c,0x0d500b1d8e8ef31e21c99d1db9a6444d3adf1270,0x283c4d9ecfd3d90a13b51af4da24a27a915d464e
quickswap,0x5757371414417b8c6caad45baef941abc7d3ab32,0.00082199720706293,0.003,0xe492ffd7d58dc38a198499989507a66a2372cd5c,0x0d500b1d8e8ef31e21c99d1db9a6444d3adf1270,0xed47e36cb14e07217585fe40b5129f677d76020a
quickswap,0x5757371414417b8c6caad45baef941abc7d3ab32,0.562797054666402797,0.003,0xd916f7dbd8ed4db3ecc7df8d6da6e7a665764d4b,0x0d500b1d8e8ef31e21c99d1db9a6444d3adf1270,0x5791b401b9b51fb7abeec61f7f7457af61628f4d
quickswap,0x5757371414417b8c6caad45baef941abc7d3ab32,0.000997698624240525,0.003,0x22e1d67a226db53ea0a6defdee807d4187002bd1,0x0d500b1d8e8ef31e21c99d1db9a6444d3adf1270,0x3f7093a9d17e3b143143f3f6828ed2378191c217
quickswap,0x5757371414417b8c6caad45baef941abc7d3ab32,0.127857586113603746,0.003,0x3ddab8d4e2467ba72e7c46539983e8aab859e78c,0x0d500b1d8e8ef31e21c99d1db9a6444d3adf1270,0x1a02ddd7da76c322ac93dd71d38a56da0e23bdf1
quickswap,0x5757371414417b8c6caad45baef941abc7d3ab32,0,0.003,0x56bbbcaf3187a89cb7a617894f332cf09d81f732,0x0d500b1d8e8ef31e21c99d1db9a6444d3adf1270,0xfa777c2181fca1fa120d50e03b8c6e16974318d2
quickswap,0x5757371414417b8c6caad45baef941abc7d3ab32,0.002624,0.003,0xe40c8043973db1aab72e2e30a87f012c966b0d52,0x872e9b7e83f3ea824faaa21cde97e7ec03ba0f49,0xc2132d05d31c914a87c6611c10748aeb04b58e8f
quickswap,0x5757371414417b8c6caad45baef941abc7d3ab32,0.654105163907377608,0.003,0x3ff2be5a66fe332a57d7999f15d2752f71358536,0x0d500b1d8e8ef31e21c99d1db9a6444d3adf1270,0xd28995ec622f7c1e295a3c6b2d81d9a565ee992d
quickswap,0x5757371414417b8c6caad45baef941abc7d3ab32,336.876659220004434607,0.003,0x8c38d570cbf28a70be0ac4e4d70b729afbb77df0,0x0d500b1d8e8ef31e21c99d1db9a6444d3adf1270,0x5bc4abccec5f016cef405da0183b6555941ae891
quickswap,0x5757371414417b8c6caad45baef941abc7d3ab32,0.004733100139491473,0.003,0x75a7748d09b6afd56691f72067db8c8c11dd922a,0x0d500b1d8e8ef31e21c99d1db9a6444d3adf1270,0xebb3f3563f05cfbde25349d4d2d6672b9d76b118
quickswap,0x5757371414417b8c6caad45baef941abc7d3ab32,0.001059084299046483,0.003,0x36a1c6a26ddac266916dbbc527142b81287712f5,0x0d500b1d8e8ef31e21c99d1db9a6444d3adf1270,0xda8cbd0b4fab62ba4e8d8528c55434a3ec81f2ce
quickswap,0x5757371414417b8c6caad45baef941abc7d3ab32,0.000331514946428114,0.003,0x85d2b8a5a31dddb8c566f7eed64ed4336c0caa4e,0x0d500b1d8e8ef31e21c99d1db9a6444d3adf1270,0x31b16a64e4d7ec5d73bbba80cdf1e78aeb18ba4e
quickswap,0x5757371414417b8c6caad45baef941abc7d3ab32,0.000548575752584443,0.003,0x327287898e7d2d9cd75379e79c1c0b6db7637801,0x0d500b1d8e8ef31e21c99d1db9a6444d3adf1270,0x1ac0f96f89d88e092953cf885f6377d7cf00dae7
quickswap,0x5757371414417b8c6caad45baef941abc7d3ab32,0.055659962323158338,0.003,0xe16e1d9291331ad9a2cc9c5fa01efa4b43d85d80,0x0d500b1d8e8ef31e21c99d1db9a6444d3adf1270,0x759c983111759a92d76bab5e6f5a6d8d17c747b7
quickswap,0x5757371414417b8c6caad45baef941abc7d3ab32,26037.056669999999129612,0.003,0x8b0df64a4b2a1542741b1204b827c7a61816505d,0x5f5f7ca63a9d2c5200bc03ca3335a975d8f771d9,0xc2132d05d31c914a87c6611c10748aeb04b58e8f
quickswap,0x5757371414417b8c6caad45baef941abc7d3ab32,0,0.003,0xe69ae40ebd1133175c629739684b54aa54935f5f,0x0d500b1d8e8ef31e21c99d1db9a6444d3adf1270,0x2aea1c35aa6c4f689b16a407dcf3bc29f57faa6a
quickswap,0x5757371414417b8c6caad45baef941abc7d3ab32,0.000039035808395235,0.003,0xe50ad88bf4eb7e473da9bcb36702ee7b21f79bff,0x0d500b1d8e8ef31e21c99d1db9a6444d3adf1270,0x8599e0545f10c0af797ab318b6a2490fddfcaec1
quickswap,0x5757371414417b8c6caad45baef941abc7d3ab32,0.000007047446858167,0.003,0x63f05611ce897000d4ee5bcba6f7a415371955bf,0x0d500b1d8e8ef31e21c99d1db9a6444d3adf1270,0x22dd77c88627b1d6515136e737e28573c98a682c
quickswap,0x5757371414417b8c6caad45baef941abc7d3ab32,0.993645,0.003,0x187e36f5b9dd15d2ad85c8438d7dddc36f47aec5,0x21a669b66a59eb7dc3d3e4c60f40ba136641f584,0xc2132d05d31c914a87c6611c10748aeb04b58e8f
quickswap,0x5757371414417b8c6caad45baef941abc7d3ab32,0.000550149829978416,0.003,0x679926ab5231b129a18a0e74f865014dd96db645,0x078eaafb18d8d759b7f429df89d758bcc93a7398,0x0d500b1d8e8ef31e21c99d1db9a6444d3adf1270
quickswap,0x5757371414417b8c6caad45baef941abc7d3ab32,0.001153776122451418,0.003,0x67438a69ef3f8ee0c4f8b38cdec3228d16c52572,0x0d500b1d8e8ef31e21c99d1db9a6444d3adf1270,0xbc0f810b8431efa384a09efd43c2d50eff9d2444
quickswap,0x5757371414417b8c6caad45baef941abc7d3ab32,10.54507586459371035,0.003,0xd7a5415abf60d5ca984a9974bedcc9cda15e3355,0x0d500b1d8e8ef31e21c99d1db9a6444d3adf1270,0x3c8f465c1cf6eea30c7e817d9922d95ca5b8af7d
quickswap,0x5757371414417b8c6caad45baef941abc7d3ab32,0.000220964544572359,0.003,0x06050dbfc534d604b46fb9cabff3fa20386c4dd1,0x0d500b1d8e8ef31e21c99d1db9a6444d3adf1270,0xd2c112f45e155a45d5646fa78dd21722224a8bd2
quickswap,0x5757371414417b8c6caad45baef941abc7d3ab32,0,0.003,0x9883d78bf00466daf60c0ef23933eea8b60acc40,0x03173da8d64873ba81191577107828193accaf6a,0x0d500b1d8e8ef31e21c99d1db9a6444d3adf1270
quickswap,0x5757371414417b8c6caad45baef941abc7d3ab32,0.000147892794125324,0.003,0xffc5fae1a2ce19b9687359cf8896683d8e3af11e,0x0d500b1d8e8ef31e21c99d1db9a6444d3adf1270,0x55a4a91f2b517d2490f9df1498a80a92518e6ad7
quickswap,0x5757371414417b8c6caad45baef941abc7d3ab32,2.722255074462482102,0.003,0x293f596d80cef1924d13413d8c6710b940d7f38c,0x0c54aaf08f44e7eb3020235fef826bce788b468a,0x0d500b1d8e8ef31e21c99d1db9a6444d3adf1270
quickswap,0x5757371414417b8c6caad45baef941abc7d3ab32,0.00062515544315974,0.003,0xc2bb38bcd2ec083031ce5d49ab82c98b0fee761c,0x0d500b1d8e8ef31e21c99d1db9a6444d3adf1270,0xee492d29f528aba171faf7a1e5c16b0812e0c8ff
quickswap,0x5757371414417b8c6caad45baef941abc7d3ab32,4971.790972369183098509,0.003,0xbbb104e6c6ce1f330e02dc2f1e2d5aa3763f5cf4,0x0d500b1d8e8ef31e21c99d1db9a6444d3adf1270,0x34a2ae9b51fb9f3c406cb375f878534535038723
quickswap,0x5757371414417b8c6caad45baef941abc7d3ab32,0,0.003,0xd640cbd71cde5d18650ab1e2e900693a079e7c51,0x0d500b1d8e8ef31e21c99d1db9a6444d3adf1270,0xe41c940ddaf30e7144e3306aca7fac4170037dec
quickswap,0x5757371414417b8c6caad45baef941abc7d3ab32,0.000096224399370506,0.003,0x8e1bcd66d86f41a7ef62cc38ca076763663303b4,0x0d500b1d8e8ef31e21c99d1db9a6444d3adf1270,0x98de519e083dc757528a88d8809e553e85e71e6a
quickswap,0x5757371414417b8c6caad45baef941abc7d3ab32,8.233886449956257363,0.003,0x39818ac4b41cf892ff9f6e891063d4669a61e0ca,0x0d500b1d8e8ef31e21c99d1db9a6444d3adf1270,0x8a4148371750f530929cba6ecb5c710d5683f4e5
quickswap,0x5757371414417b8c6caad45baef941abc7d3ab32,1718.874972589179253682,0.003,0x13786d49719aea294023ffb0a7cb7fd3089a1e9a,0x0d500b1d8e8ef31e21c99d1db9a6444d3adf1270,0x57e0324b9bef525fe2983d73fbb89fadf9cd7eb5
quickswap,0x5757371414417b8c6caad45baef941abc7d3ab32,0,0.003,0x2ac6c38fbef70dff0ca402f266ba0c3457601b93,0x0d500b1d8e8ef31e21c99d1db9a6444d3adf1270,0x13f812237bcad602a524d399618c467d49dd080c
quickswap,0x5757371414417b8c6caad45baef941abc7d3ab32,0.000030513680019599,0.003,0x9f30c6dc16c2abda1def73c945fbe5451a411fbf,0x0d500b1d8e8ef31e21c99d1db9a6444d3adf1270,0xb3351b198d0a46348e10f529cf019d92e64ca02e
quickswap,0x5757371414417b8c6caad45baef941abc7d3ab32,8.368289520943485204,0.003,0x6b6af066aeef7edf17a3c4233165a5b5d8720e56,0x0d500b1d8e8ef31e21c99d1db9a6444d3adf1270,0x34ae0eedd06b2c8c859f542360089d48ec4f70f6
quickswap,0x5757371414417b8c6caad45baef941abc7d3ab32,0.000284960798802742,0.003,0xb82feef857d0a7a02851380caea52fbd8af32d2c,0x0d500b1d8e8ef31e21c99d1db9a6444d3adf1270,0x7e9b60e9d2981371bff12965865953e40bca2322
quickswap,0x5757371414417b8c6caad45baef941abc7d3ab32,0.000170997681416442,0.003,0x50e323045016d95f7103e8d5b44172451ba562b2,0x0d500b1d8e8ef31e21c99d1db9a6444d3adf1270,0xfa5e84f0e8b081d7d8ab802dcd919551062c35df
quickswap,0x5757371414417b8c6caad45baef941abc7d3ab32,0.0000986393437592,0.003,0x6ba7da4e730ff254b46ca64eef75b68414c7bf6f,0x0d500b1d8e8ef31e21c99d1db9a6444d3adf1270,0x546e9571f7f74b7f699a79cb98d8f3ba25aa64e3
quickswap,0x5757371414417b8c6caad45baef941abc7d3ab32,0.000059230081830527,0.003,0x313d7e9324c7ed7fb465a4c9cd20efcdef6d14c3,0x0d500b1d8e8ef31e21c99d1db9a6444d3adf1270,0x56ea2c24526d007fce99bab7f18a40771e174884
quickswap,0x5757371414417b8c6caad45baef941abc7d3ab32,0.000055732610599066,0.003,0xb6e81337deffb88b66584d9f7d16adb54f117a87,0x0d500b1d8e8ef31e21c99d1db9a6444d3adf1270,0x598982d60956f3320df8304606fe8c4d6ad1de6e
quickswap,0x5757371414417b8c6caad45baef941abc7d3ab32,0.000040049425384215,0.003,0x31ef40454444939a4c5532ad19390ef293fef4f8,0x0d500b1d8e8ef31e21c99d1db9a6444d3adf1270,0x38c24dbaa3529ff2c22c9500693f6ceec68f9356
quickswap,0x5757371414417b8c6caad45baef941abc7d3ab32,0.000019147377051629,0.003,0x2818cff99c2a4fa75f7abb7d3ef405ffc2a346f8,0x0d500b1d8e8ef31e21c99d1db9a6444d3adf1270,0xd5ebbbe451c84049487f699a661eca246a0b068e
quickswap,0x5757371414417b8c6caad45baef941abc7d3ab32,0.000017734639276443,0.003,0x8c0952a088900ab5adb3d99f228ea920fa488467,0x0d500b1d8e8ef31e21c99d1db9a6444d3adf1270,0x4f5ad7b3fb07d787103f5173c5b71b7af0a9da97
quickswap,0x5757371414417b8c6caad45baef941abc7d3ab32,1.175452704460369516,0.003,0x9a959f1ea80e922ed82cf17ba3518284af29d8c0,0x0d500b1d8e8ef31e21c99d1db9a6444d3adf1270,0x869db01a622a375240923bcbd983ffd454c48f0d
quickswap,0x5757371414417b8c6caad45baef941abc7d3ab32,0,0.003,0x907d94acd1d763d63f831424f16899bc032718d9,0x0d500b1d8e8ef31e21c99d1db9a6444d3adf1270,0xd344e674887b853f9964d3efe69e2b31b0a1a812
quickswap,0x5757371414417b8c6caad45baef941abc7d3ab32,0,0.003,0xebac6b261f71f36cae76d865daf88d0713ea2233,0x0d500b1d8e8ef31e21c99d1db9a6444d3adf1270,0x27c814ef0034977e1012467b66510a7f83797743
quickswap,0x5757371414417b8c6caad45baef941abc7d3ab32,4.868097838649753543,0.003,0x7d94b04cef1ca0088cedecb7dd59aecd27f3a82d,0x0d500b1d8e8ef31e21c99d1db9a6444d3adf1270,0x61162497debaad24cc027f804b690448126c3ab1
quickswap,0x5757371414417b8c6caad45baef941abc7d3ab32,1131.349449422211856127,0.003,0x7110776bf2a5b3d87940c70e12bead401c3745ee,0x0d500b1d8e8ef31e21c99d1db9a6444d3adf1270,0xf46eee9f19c2d34210195d46bc196c84e601595d
